question_id,question_text,exam,paper,subject,chapter,topic,subtopic,difficulty,question_type,skip,skip_reason
Q_0_0,What is the principal value of sin⁻¹(sin(2π/3))?,NDA,Mathematics,Inverse Trigonometric Functions,Inverse Trigonometric Functions,Principal Value Branches,Properties of Inverse Trigonometric Functions,Medium,MCQ,FALSE,
Q_0_1,"If y = ln(sec x + tan x), what is dy/dx?",NDA,Mathematics,Differential Calculus,Differential Calculus (Maxima-Minima),Differentiation,Logarithmic and Trigonometric Differentiation,Medium,MCQ,FALSE,
Q_0_2,What is the value of cot 15°?,NDA,Mathematics,Trigonometric Functions,Trigonometric Functions,Trigonometric Ratios of Compound Angles,"Specific angle values (e.g., 15°, 75°)",Medium,MCQ,FALSE,
Q_0_3,"If A is a square matrix of order 3 and |A| = 4, then what is the value of |adj A|?",NDA,Mathematics,Matrices and Determinants,Matrices and Determinants,Determinants,Properties of Adjoint Matrix,Easy,MCQ,FALSE,
Q_0_4,What is the limit: lim(x→0) (e^x - e^-x) / sin x?,NDA,Mathematics,Calculus,"Limit, Continuity, Differentiability",Limits,Indeterminate Forms (L'Hopital's Rule),Medium,MCQ,FALSE,
Q_0_5,What is the projection of vector a = 2i + 3j + 2k on vector b = i + 2j + k?,NDA,Mathematics,Vectors,Vectors,Scalar Product of Vectors,Projection of a vector,Medium,MCQ,FALSE,
Q_0_6,The value of ∫[0 to π/2] sin³x / (sin³x + cos³x) dx is equal to:,NDA,Mathematics,Integral Calculus,Integral Calculus,Definite Integrals,Properties of Definite Integrals,Medium,MCQ,FALSE,
Q_0_7,"If tan⁻¹(x) + tan⁻¹(y) = π/4, then what is x + y + xy equal to?",NDA,Mathematics,Inverse Trigonometric Functions,Inverse Trigonometric Functions,Properties of Inverse Trigonometric Functions,Sum/Difference formulas,Medium,MCQ,FALSE,
Q_0_8,What is the degree of the differential equation: (d²y/dx²)³ + (dy/dx)² + sin(dy/dx) + 1 = 0?,NDA,Mathematics,Differential Equations,Differential Equations,Order and Degree of Differential Equations,Degree of a differential equation,Easy,MCQ,FALSE,
Q_0_9,"In how many ways can a committee of 5 members be formed from 6 gentlemen and 4 ladies, if it must contain at least 2 ladies?",NDA,Mathematics,Algebra,Sequences and Series,Permutations and Combinations,Combinations with conditions,Medium,MCQ,FALSE,
Q_0_10,Find the general solution of the differential equation dy/dx = y/x.,NDA,Mathematics,Differential Equations,Differential Equations,Solution of Differential Equations,Variable Separable Method,Easy,MCQ,FALSE,
Q_0_11,"If sin A = 3/5, where A lies in the second quadrant, what is the value of cos A?",NDA,Mathematics,Trigonometric Functions,Trigonometric Functions,Trigonometric Ratios,Quadrant rules and identities,Easy,MCQ,FALSE,
Q_0_12,What is the sum of the coefficients of the polynomial (1 - 3x + 3x²)¹⁰⁰?,NDA,Mathematics,Algebra,Complex Numbers and Quadratic Equations,Polynomials,Sum of coefficients of a polynomial,Easy,MCQ,FALSE,
Q_0_13,"If A and B are two events such that P(A) = 0.4, P(B) = 0.5 and P(A ∩ B) = 0.2, what is P(A|B) equal to?",NDA,Mathematics,Probability,Statistics and Probability,Conditional Probability,Basic probability theorems,Easy,MCQ,FALSE,
Q_0_14,What is the derivative of x^x with respect to x?,NDA,Mathematics,Differential Calculus,Differential Calculus (Maxima-Minima),Differentiation,Logarithmic Differentiation,Medium,MCQ,FALSE,
Q_0_15,What is the principal value of sin⁻¹(sin(2π/3))?,NDA,Mathematics,Inverse Trigonometric Functions,Inverse Trigonometric Functions,Principal Value Branches,Properties of Inverse Trigonometric Functions,Medium,MCQ,FALSE,
Q_0_16,"If y = ln(sec x + tan x), what is dy/dx?",NDA,Mathematics,Differential Calculus,Differential Calculus (Maxima-Minima),Differentiation,Logarithmic and Trigonometric Differentiation,Medium,MCQ,FALSE,
Q_0_17,What is the value of cot 15°?,NDA,Mathematics,Trigonometric Functions,Trigonometric Functions,Trigonometric Ratios of Compound Angles,"Specific angle values (e.g., 15°, 75°)",Medium,MCQ,FALSE,
Q_0_18,"If A is a square matrix of order 3 and |A| = 4, then what is the value of |adj A|?",NDA,Mathematics,Matrices and Determinants,Matrices and Determinants,Determinants,Properties of Adjoint Matrix,Easy,MCQ,FALSE,
Q_0_19,What is the limit: lim(x→0) (e^x - e^-x) / sin x?,NDA,Mathematics,Calculus,"Limit, Continuity, Differentiability",Limits,Indeterminate Forms (L'Hopital's Rule),Medium,MCQ,FALSE,
Q_0_20,What is the projection of vector a = 2i + 3j + 2k on vector b = i + 2j + k?,NDA,Mathematics,Vectors,Vectors,Scalar Product of Vectors,Projection of a vector,Medium,MCQ,FALSE,
Q_0_21,The value of ∫[0 to π/2] sin³x / (sin³x + cos³x) dx is equal to:,NDA,Mathematics,Integral Calculus,Integral Calculus,Definite Integrals,Properties of Definite Integrals,Medium,MCQ,FALSE,
Q_0_22,"If tan⁻¹(x) + tan⁻¹(y) = π/4, then what is x + y + xy equal to?",NDA,Mathematics,Inverse Trigonometric Functions,Inverse Trigonometric Functions,Properties of Inverse Trigonometric Functions,Sum/Difference formulas,Medium,MCQ,FALSE,
Q_0_23,What is the degree of the differential equation: (d²y/dx²)³ + (dy/dx)² + sin(dy/dx) + 1 = 0?,NDA,Mathematics,Differential Equations,Differential Equations,Order and Degree of Differential Equations,Degree of a differential equation,Easy,MCQ,FALSE,
Q_0_24,"In how many ways can a committee of 5 members be formed from 6 gentlemen and 4 ladies, if it must contain at least 2 ladies?",NDA,Mathematics,Algebra,Sequences and Series,Permutations and Combinations,Combinations with conditions,Medium,MCQ,FALSE,
Q_0_25,Find the general solution of the differential equation dy/dx = y/x.,NDA,Mathematics,Differential Equations,Differential Equations,Solution of Differential Equations,Variable Separable Method,Easy,MCQ,FALSE,
Q_0_26,"If sin A = 3/5, where A lies in the second quadrant, what is the value of cos A?",NDA,Mathematics,Trigonometric Functions,Trigonometric Functions,Trigonometric Ratios,Quadrant rules and identities,Easy,MCQ,FALSE,
Q_0_27,What is the sum of the coefficients of the polynomial (1 - 3x + 3x²)¹⁰⁰?,NDA,Mathematics,Algebra,Complex Numbers and Quadratic Equations,Polynomials,Sum of coefficients of a polynomial,Easy,MCQ,FALSE,
Q_0_28,"If A and B are two events such that P(A) = 0.4, P(B) = 0.5 and P(A ∩ B) = 0.2, what is P(A|B) equal to?",NDA,Mathematics,Probability,Statistics and Probability,Conditional Probability,Basic probability theorems,Easy,MCQ,FALSE,
Q_0_29,What is the derivative of x^x with respect to x?,NDA,Mathematics,Differential Calculus,Differential Calculus (Maxima-Minima),Differentiation,Logarithmic Differentiation,Medium,MCQ,FALSE,
Q_0_30,What is the principal value of sin⁻¹(sin(2π/3))?,NDA,Mathematics,Trigonometry,Inverse Trigonometric Functions,Principal Value Branches,Evaluation of inverse trigonometric functions,Medium,MCQ,FALSE,
Q_0_31,"If y = ln(sec x + tan x), what is dy/dx?",NDA,Mathematics,Calculus,"Limit, Continuity, Differentiability",Differential Calculus,Differentiation of trigonometric and logarithmic functions,Medium,MCQ,FALSE,
Q_0_32,What is the value of cot 15°?,NDA,Mathematics,Trigonometry,Trigonometric Functions,Trigonometric Ratios,Values of trigonometric ratios for special angles,Medium,MCQ,FALSE,
Q_0_33,"If A is a square matrix of order 3 and |A| = 4, then what is the value of |adj A|?",NDA,Mathematics,Algebra,Matrices and Determinants,Determinants,Properties of adjoint and determinant,Easy,MCQ,FALSE,
Q_0_34,What is the limit: lim(x→0) (e^x - e^-x) / sin x?,NDA,Mathematics,Calculus,"Limit, Continuity, Differentiability",Limits,Evaluation of limits using L'Hopital's rule or standard forms,Medium,MCQ,FALSE,
Q_0_35,What is the projection of vector a = 2i + 3j + 2k on vector b = i + 2j + k?,NDA,Mathematics,Vectors,Vectors,Vector Operations,Scalar projection of a vector,Medium,MCQ,FALSE,
Q_0_36,The value of ∫[0 to π/2] sin³x / (sin³x + cos³x) dx is equal to:,NDA,Mathematics,Calculus,Integral Calculus,Definite Integrals,Properties of definite integrals,Medium,MCQ,FALSE,
Q_0_37,"If tan⁻¹(x) + tan⁻¹(y) = π/4, then what is x + y + xy equal to?",NDA,Mathematics,Trigonometry,Inverse Trigonometric Functions,Properties of Inverse Trigonometric Functions,Sum and difference formulas for inverse trigonometric functions,Medium,MCQ,FALSE,
Q_0_38,What is the degree of the differential equation: (d²y/dx²)³ + (dy/dx)² + sin(dy/dx) + 1 = 0?,NDA,Mathematics,Calculus,Differential Equations,Order and Degree of Differential Equations,Degree of differential equations with transcendental functions,Easy,MCQ,FALSE,
Q_0_39,"In how many ways can a committee of 5 members be formed from 6 gentlemen and 4 ladies, if it must contain at least 2 ladies?",NDA,Mathematics,Statistics and Probability,Statistics and Probability,Permutations and Combinations,Combinations with conditions,Medium,MCQ,FALSE,
Q_0_40,Find the general solution of the differential equation dy/dx = y/x.,NDA,Mathematics,Calculus,Differential Equations,Methods of Solving Differential Equations,Variable separable differential equations,Easy,MCQ,FALSE,
Q_0_41,"If sin A = 3/5, where A lies in the second quadrant, what is the value of cos A?",NDA,Mathematics,Trigonometry,Trigonometric Functions,Trigonometric Identities,Trigonometric ratios in different quadrants,Easy,MCQ,FALSE,
Q_0_42,What is the sum of the coefficients of the polynomial (1 - 3x + 3x²)¹⁰⁰?,NDA,Mathematics,Algebra,Complex Numbers and Quadratic Equations,Polynomials,Sum of coefficients of a polynomial,Easy,MCQ,FALSE,
Q_0_43,"If A and B are two events such that P(A) = 0.4, P(B) = 0.5 and P(A ∩ B) = 0.2, what is P(A|B) equal to?",NDA,Mathematics,Statistics and Probability,Statistics and Probability,Probability,Conditional Probability,Easy,MCQ,FALSE,
Q_0_44,What is the derivative of x^x with respect to x?,NDA,Mathematics,Calculus,"Limit, Continuity, Differentiability",Differential Calculus,Logarithmic Differentiation,Medium,MCQ,FALSE,
Q_0_45,What is the principal value of sin⁻¹(sin(2π/3))?,NDA,Mathematics,Trigonometry,Inverse Trigonometric Functions,Principal Value Branches,Evaluation of inverse trigonometric functions,Medium,MCQ,FALSE,
Q_0_46,"If y = ln(sec x + tan x), what is dy/dx?",NDA,Mathematics,Calculus,"Limit, Continuity, Differentiability",Differential Calculus,Differentiation of trigonometric and logarithmic functions,Medium,MCQ,FALSE,
Q_0_47,What is the value of cot 15°?,NDA,Mathematics,Trigonometry,Trigonometric Functions,Trigonometric Ratios,Values of trigonometric ratios for special angles,Medium,MCQ,FALSE,
Q_0_48,"If A is a square matrix of order 3 and |A| = 4, then what is the value of |adj A|?",NDA,Mathematics,Algebra,Matrices and Determinants,Determinants,Properties of adjoint and determinant,Easy,MCQ,FALSE,
Q_0_49,What is the limit: lim(x→0) (e^x - e^-x) / sin x?,NDA,Mathematics,Calculus,"Limit, Continuity, Differentiability",Limits,Evaluation of limits using L'Hopital's rule or standard forms,Medium,MCQ,FALSE,
Q_0_50,What is the projection of vector a = 2i + 3j + 2k on vector b = i + 2j + k?,NDA,Mathematics,Vectors,Vectors,Vector Operations,Scalar projection of a vector,Medium,MCQ,FALSE,
Q_0_51,The value of ∫[0 to π/2] sin³x / (sin³x + cos³x) dx is equal to:,NDA,Mathematics,Calculus,Integral Calculus,Definite Integrals,Properties of definite integrals,Medium,MCQ,FALSE,
Q_0_52,"If tan⁻¹(x) + tan⁻¹(y) = π/4, then what is x + y + xy equal to?",NDA,Mathematics,Trigonometry,Inverse Trigonometric Functions,Properties of Inverse Trigonometric Functions,Sum and difference formulas for inverse trigonometric functions,Medium,MCQ,FALSE,
Q_0_53,What is the degree of the differential equation: (d²y/dx²)³ + (dy/dx)² + sin(dy/dx) + 1 = 0?,NDA,Mathematics,Calculus,Differential Equations,Order and Degree of Differential Equations,Degree of differential equations with transcendental functions,Easy,MCQ,FALSE,
Q_0_54,"In how many ways can a committee of 5 members be formed from 6 gentlemen and 4 ladies, if it must contain at least 2 ladies?",NDA,Mathematics,Statistics and Probability,Statistics and Probability,Permutations and Combinations,Combinations with conditions,Medium,MCQ,FALSE,
Q_0_55,Find the general solution of the differential equation dy/dx = y/x.,NDA,Mathematics,Calculus,Differential Equations,Methods of Solving Differential Equations,Variable separable differential equations,Easy,MCQ,FALSE,
Q_0_56,"If sin A = 3/5, where A lies in the second quadrant, what is the value of cos A?",NDA,Mathematics,Trigonometry,Trigonometric Functions,Trigonometric Identities,Trigonometric ratios in different quadrants,Easy,MCQ,FALSE,
Q_0_57,What is the sum of the coefficients of the polynomial (1 - 3x + 3x²)¹⁰⁰?,NDA,Mathematics,Algebra,Complex Numbers and Quadratic Equations,Polynomials,Sum of coefficients of a polynomial,Easy,MCQ,FALSE,
Q_0_58,"If A and B are two events such that P(A) = 0.4, P(B) = 0.5 and P(A ∩ B) = 0.2, what is P(A|B) equal to?",NDA,Mathematics,Statistics and Probability,Statistics and Probability,Probability,Conditional Probability,Easy,MCQ,FALSE,
Q_0_59,What is the derivative of x^x with respect to x?,NDA,Mathematics,Calculus,"Limit, Continuity, Differentiability",Differential Calculus,Logarithmic Differentiation,Medium,MCQ,FALSE,
Q_0_60,What is the principal value of sin⁻¹(sin(2π/3))?,NDA,Mathematics,Mathematics,Inverse Trigonometric Functions,Principal Values,Inverse sine function,Easy,MCQ,FALSE,
Q_0_61,"If y = ln(sec x + tan x), what is dy/dx?",NDA,Mathematics,Mathematics,Differential Calculus (Maxima-Minima),Differentiation,Differentiation of Logarithmic Functions,Medium,MCQ,FALSE,
Q_0_62,What is the value of cot 15°?,NDA,Mathematics,Mathematics,Trigonometric Functions,Trigonometric Ratios of Specific Angles,Compound angle formulas,Easy,MCQ,FALSE,
Q_0_63,"If A is a square matrix of order 3 and |A| = 4, then what is the value of |adj A|?",NDA,Mathematics,Mathematics,Matrices and Determinants,Adjoint and Inverse of a Matrix,Properties of determinants,Easy,MCQ,FALSE,
Q_0_64,What is the limit: lim(x→0) (e^x - e^-x) / sin x?,NDA,Mathematics,Mathematics,"Limit, Continuity, Differentiability",Limits,Indeterminate forms (L'Hopital's Rule),Medium,MCQ,FALSE,
Q_0_65,What is the projection of vector a = 2i + 3j + 2k on vector b = i + 2j + k?,NDA,Mathematics,Mathematics,Vectors,Scalar and Vector Products,Projection of a vector,Medium,MCQ,FALSE,
Q_0_66,The value of ∫[0 to π/2] sin³x / (sin³x + cos³x) dx is equal to:,NDA,Mathematics,Mathematics,Integral Calculus,Definite Integrals,Properties of definite integrals,Medium,MCQ,FALSE,
Q_0_67,"If tan⁻¹(x) + tan⁻¹(y) = π/4, then what is x + y + xy equal to?",NDA,Mathematics,Mathematics,Inverse Trigonometric Functions,Properties of Inverse Trigonometric Functions,Sum of inverse tangents,Easy,MCQ,FALSE,
Q_0_68,What is the degree of the differential equation: (d²y/dx²)³ + (dy/dx)² + sin(dy/dx) + 1 = 0?,NDA,Mathematics,Mathematics,Differential Equations,Order and Degree of Differential Equations,Degree of a non-polynomial differential equation,Medium,MCQ,FALSE,
Q_0_69,"In how many ways can a committee of 5 members be formed from 6 gentlemen and 4 ladies, if it must contain at least 2 ladies?",NDA,Mathematics,Mathematics,Statistics and Probability,Combinations,Combinations with conditions,Medium,MCQ,FALSE,
Q_0_70,Find the general solution of the differential equation dy/dx = y/x.,NDA,Mathematics,Mathematics,Differential Equations,Solving Differential Equations,Variable separable method,Easy,MCQ,FALSE,
Q_0_71,"If sin A = 3/5, where A lies in the second quadrant, what is the value of cos A?",NDA,Mathematics,Mathematics,Trigonometric Functions,Trigonometric Identities,Quadrant rules,Easy,MCQ,FALSE,
Q_0_72,What is the sum of the coefficients of the polynomial (1 - 3x + 3x²)¹⁰⁰?,NDA,Mathematics,Mathematics,Complex Numbers and Quadratic Equations,Polynomials,Sum of coefficients,Easy,MCQ,FALSE,
Q_0_73,"If A and B are two events such that P(A) = 0.4, P(B) = 0.5 and P(A ∩ B) = 0.2, what is P(A|B) equal to?",NDA,Mathematics,Mathematics,Statistics and Probability,Probability,Conditional probability,Easy,MCQ,FALSE,
Q_0_74,What is the derivative of x^x with respect to x?,NDA,Mathematics,Mathematics,Differential Calculus (Maxima-Minima),Differentiation,Logarithmic differentiation,Medium,MCQ,FALSE,
Q_0_75,What is the principal value of sin⁻¹(sin(2π/3))?,NDA,Mathematics,Mathematics,Inverse Trigonometric Functions,Principal Values,Inverse sine function,Easy,MCQ,FALSE,
Q_0_76,"If y = ln(sec x + tan x), what is dy/dx?",NDA,Mathematics,Mathematics,Differential Calculus (Maxima-Minima),Differentiation,Differentiation of Logarithmic Functions,Medium,MCQ,FALSE,
Q_0_77,What is the value of cot 15°?,NDA,Mathematics,Mathematics,Trigonometric Functions,Trigonometric Ratios of Specific Angles,Compound angle formulas,Easy,MCQ,FALSE,
Q_0_78,"If A is a square matrix of order 3 and |A| = 4, then what is the value of |adj A|?",NDA,Mathematics,Mathematics,Matrices and Determinants,Adjoint and Inverse of a Matrix,Properties of determinants,Easy,MCQ,FALSE,
Q_0_79,What is the limit: lim(x→0) (e^x - e^-x) / sin x?,NDA,Mathematics,Mathematics,"Limit, Continuity, Differentiability",Limits,Indeterminate forms (L'Hopital's Rule),Medium,MCQ,FALSE,
Q_0_80,What is the projection of vector a = 2i + 3j + 2k on vector b = i + 2j + k?,NDA,Mathematics,Mathematics,Vectors,Scalar and Vector Products,Projection of a vector,Medium,MCQ,FALSE,
Q_0_81,The value of ∫[0 to π/2] sin³x / (sin³x + cos³x) dx is equal to:,NDA,Mathematics,Mathematics,Integral Calculus,Definite Integrals,Properties of definite integrals,Medium,MCQ,FALSE,
Q_0_82,"If tan⁻¹(x) + tan⁻¹(y) = π/4, then what is x + y + xy equal to?",NDA,Mathematics,Mathematics,Inverse Trigonometric Functions,Properties of Inverse Trigonometric Functions,Sum of inverse tangents,Easy,MCQ,FALSE,
Q_0_83,What is the degree of the differential equation: (d²y/dx²)³ + (dy/dx)² + sin(dy/dx) + 1 = 0?,NDA,Mathematics,Mathematics,Differential Equations,Order and Degree of Differential Equations,Degree of a non-polynomial differential equation,Medium,MCQ,FALSE,
Q_0_84,"In how many ways can a committee of 5 members be formed from 6 gentlemen and 4 ladies, if it must contain at least 2 ladies?",NDA,Mathematics,Mathematics,Statistics and Probability,Combinations,Combinations with conditions,Medium,MCQ,FALSE,
Q_0_85,Find the general solution of the differential equation dy/dx = y/x.,NDA,Mathematics,Mathematics,Differential Equations,Solving Differential Equations,Variable separable method,Easy,MCQ,FALSE,
Q_0_86,"If sin A = 3/5, where A lies in the second quadrant, what is the value of cos A?",NDA,Mathematics,Mathematics,Trigonometric Functions,Trigonometric Identities,Quadrant rules,Easy,MCQ,FALSE,
Q_0_87,What is the sum of the coefficients of the polynomial (1 - 3x + 3x²)¹⁰⁰?,NDA,Mathematics,Mathematics,Complex Numbers and Quadratic Equations,Polynomials,Sum of coefficients,Easy,MCQ,FALSE,
Q_0_88,"If A and B are two events such that P(A) = 0.4, P(B) = 0.5 and P(A ∩ B) = 0.2, what is P(A|B) equal to?",NDA,Mathematics,Mathematics,Statistics and Probability,Probability,Conditional probability,Easy,MCQ,FALSE,
Q_0_89,What is the derivative of x^x with respect to x?,NDA,Mathematics,Mathematics,Differential Calculus (Maxima-Minima),Differentiation,Logarithmic differentiation,Medium,MCQ,FALSE,
Q_0_90,What is the principal value of sin⁻¹(sin(2π/3))?,NDA,Mathematics,Trigonometry,Inverse Trigonometric Functions,Principal Values of Inverse Trigonometric Functions,,Medium,MCQ,FALSE,
Q_0_91,"If y = ln(sec x + tan x), what is dy/dx?",NDA,Mathematics,Calculus,Differential Calculus,Derivatives of Logarithmic and Trigonometric Functions,Chain Rule,Medium,MCQ,FALSE,
Q_0_92,What is the value of cot 15°?,NDA,Mathematics,Trigonometry,Trigonometric Functions,Trigonometric Ratios of Compound Angles,Special Angles,Easy,MCQ,FALSE,
Q_0_93,"If A is a square matrix of order 3 and |A| = 4, then what is the value of |adj A|?",NDA,Mathematics,Algebra,Matrices and Determinants,Determinant of Adjoint Matrix,,Easy,MCQ,FALSE,
Q_0_94,What is the limit: lim(x→0) (e^x - e^-x) / sin x?,NDA,Mathematics,Calculus,"Limit, Continuity, Differentiability",Limits,L'Hopital's Rule,Medium,MCQ,FALSE,
Q_0_95,What is the projection of vector a = 2i + 3j + 2k on vector b = i + 2j + k?,NDA,Mathematics,Vectors,Vectors,Projection of a Vector,,Medium,MCQ,FALSE,
Q_0_96,The value of ∫[0 to π/2] sin³x / (sin³x + cos³x) dx is equal to:,NDA,Mathematics,Calculus,Integral Calculus,Definite Integrals,Properties of Definite Integrals,Medium,MCQ,FALSE,
Q_0_97,"If tan⁻¹(x) + tan⁻¹(y) = π/4, then what is x + y + xy equal to?",NDA,Mathematics,Trigonometry,Inverse Trigonometric Functions,Properties of Inverse Trigonometric Functions,Sum and Difference Formulas,Medium,MCQ,FALSE,
Q_0_98,What is the degree of the differential equation: (d²y/dx²)³ + (dy/dx)² + sin(dy/dx) + 1 = 0?,NDA,Mathematics,Calculus,Differential Equations,Order and Degree of Differential Equations,,Easy,MCQ,FALSE,
Q_0_99,"In how many ways can a committee of 5 members be formed from 6 gentlemen and 4 ladies, if it must contain at least 2 ladies?",NDA,Mathematics,Probability & Statistics,Statistics and Probability,Combinations,Committee Formation with Conditions,Medium,MCQ,FALSE,
Q_1_0,"If α and β are the roots of the equation x^2 - x + 1 = 0, then what is the value of α^2024 + β^2024?",NDA,Mathematics,Algebra,Complex Numbers and Quadratic Equations,Roots of Quadratic Equations,Powers of Complex Roots,Hard,MCQ,FALSE,
Q_1_1,"Consider the matrix A = [[cos θ, -sin θ], [sin θ, cos θ]]. Which of the following statements is/are correct? 1. A^n = [[cos nθ, -sin nθ], [sin nθ, cos nθ]] for all n ∈ N. 2. det(A^n) = 1 for all n ∈ N.",NDA,Mathematics,Algebra,Matrices and Determinants,Powers of Matrices,Rotation Matrices and Determinants,Medium,MCQ,FALSE,
Q_1_2,The value of the integral ∫[0 to π/2] (sin^n x) / (sin^n x + cos^n x) dx is:,NDA,Mathematics,Calculus,Integral Calculus,Definite Integrals,Properties of Definite Integrals,Medium,MCQ,FALSE,
Q_1_3,"A line passes through the point (2, 3) and makes an angle of 135° with the positive x-axis. What is the equation of the line?",NDA,Mathematics,Geometry,Two Dimensional Geometry,Straight Lines,Equation of a Line (Point-Slope Form),Easy,MCQ,FALSE,
Q_1_4,"If a vector a is perpendicular to both vectors b = i + j + k and c = i - j + k, then what is the direction of a?",NDA,Mathematics,Vectors,Vectors,Cross Product of Vectors,Perpendicular Vectors,Medium,MCQ,FALSE,
Q_1_5,The number of ways to arrange the letters of the word 'MATHEMATICS' such that the vowels are always together is:,NDA,Mathematics,Probability & Statistics,Statistics and Probability,Permutations and Combinations,Arrangements with Repetition and Restrictions,Medium,MCQ,FALSE,
Q_1_6,Let f(x) = |x - 1|. Which of the following is true?,NDA,Mathematics,Calculus,"Limit, Continuity, Differentiability",Continuity and Differentiability,Absolute Value Functions,Easy,MCQ,FALSE,
Q_1_7,"If the probability of hitting a target is 0.25, how many shots must be fired so that the probability of hitting the target at least once is greater than 0.9?",NDA,Mathematics,Probability & Statistics,Statistics and Probability,Probability of Events,Complementary Probability,Medium,MCQ,FALSE,
Q_1_8,"The equation of the circle passing through (0, 0), (2, 0), and (0, 2) is:",NDA,Mathematics,Geometry,Two Dimensional Geometry,Circles,Equation of a Circle Passing Through Three Points,Medium,MCQ,FALSE,
Q_1_9,What is the domain of the function f(x) = sqrt(1 - sqrt(1 - x^2))?,NDA,Mathematics,"Sets, Relations, Functions","Sets, Relations, Functions",Domain of a Function,Functions with Square Roots,Medium,MCQ,FALSE,
Q_1_10,"If α and β are the roots of the equation x^2 - px + q = 0, what is the value of α^2/β + β^2/α?",NDA,Mathematics,Algebra,Complex Numbers and Quadratic Equations,Roots of Quadratic Equations,Symmetric Functions of Roots,Medium,MCQ,FALSE,
Q_1_11,"Consider the matrix A = [[cosθ, sinθ], [-sinθ, cosθ]]. Which of the following is true for A^n (n is a positive integer)?",NDA,Mathematics,Algebra,Matrices and Determinants,Powers of Matrices,Rotation Matrices,Medium,MCQ,FALSE,
Q_1_12,"If sinθ + cosecθ = 2, then the value of sin^nθ + cosec^nθ is:",NDA,Mathematics,Trigonometry,Trigonometric Functions,Trigonometric Identities and Equations,,Easy,MCQ,FALSE,
Q_1_13,"The equation of the circle passing through (1, 0) and (0, 1) and having the smallest possible radius is:",NDA,Mathematics,Geometry,Two Dimensional Geometry,Circles,Equation of a Circle with Smallest Radius,Medium,MCQ,FALSE,
Q_1_14,Evaluate the integral ∫[0 to π/2] log(tan x) dx:,NDA,Mathematics,Calculus,Integral Calculus,Definite Integrals,Properties of Definite Integrals,Medium,MCQ,FALSE,
Q_1_15,"If vectors a = i + j + k and b = i + 2j + 3k are given, find the projection of vector a on vector b:",NDA,Mathematics,Vectors,Vectors,Projection of a Vector,,Medium,MCQ,FALSE,
Q_1_16,What is the probability of drawing a red king or a black ace from a standard deck of 52 cards?,NDA,Mathematics,Probability & Statistics,Statistics and Probability,Probability of Events,Playing Cards,Easy,MCQ,FALSE,
Q_1_17,Consider the function f(x) = |x-1|. Which of the following is correct?,NDA,Mathematics,Calculus,"Limit, Continuity, Differentiability",Continuity and Differentiability,Absolute Value Functions,Easy,MCQ,FALSE,
Q_1_18,Find the derivative of f(x) = x^x with respect to x:,NDA,Mathematics,Calculus,Differential Calculus,Logarithmic Differentiation,,Medium,MCQ,FALSE,
Q_1_19,Which of the following lines is parallel to the plane 2x - y + 3z + 5 = 0?,NDA,Mathematics,Geometry,Three Dimensional Geometry,Lines and Planes,Parallel Line and Plane,Medium,MCQ,FALSE,
Q_1_20,"If alpha and beta are the roots of x^2 - x + 1 = 0, then what is the value of alpha^2024 + beta^2024?",NDA,Mathematics,Algebra,Complex Numbers and Quadratic Equations,Quadratic Equations,"Roots and their properties (e.g., cube roots of unity)",Medium,MCQ,FALSE,
Q_1_21,"If the matrix A = [[1, 2], [x, 1]] is singular, then the value of x is:",NDA,Mathematics,Algebra,Matrices and Determinants,Determinants,Singular Matrix,Easy,MCQ,FALSE,
Q_1_22,Consider the following statements regarding the function f(x) = |x-1| + |x-2|: 1. The function is continuou,NDA,Mathematics,Calculus,"Limit, Continuity, Differentiability",Continuity and Differentiability,Absolute value functions,Medium,MCQ,FALSE,
Q_1_23,The angle between the lines x + y = 3 and x - y = 5 is:,NDA,Mathematics,Coordinate Geometry,Two Dimensional Geometry,Straight Lines,Angle between two lines,Easy,MCQ,FALSE,
Q_1_24,Evaluate the integral integral(0 to pi/2) [sin^n(x) / (sin^n(x) + cos^n(x))] dx.,NDA,Mathematics,Calculus,Integral Calculus,Definite Integrals,Properties of definite integrals,Medium,MCQ,FALSE,
Q_1_25,Find the length of the projection of vector a = i + 2j + k on vector b = 2i + j - 2k.,NDA,Mathematics,Vector Algebra,Vectors,Scalar Product (Dot Product),Projection of a vector,Easy,MCQ,FALSE,
Q_1_26,"If P(A) = 0.4, P(B) = 0.3, and P(A intersection B) = 0.1, what is P(A' intersection B')?",NDA,Mathematics,Probability,Statistics and Probability,Probability,Set theory in probability (De Morgan's Law),Medium,MCQ,FALSE,
Q_1_27,"If sin(theta) + cos(theta) = sqrt(2), what is the value of sin(theta)cos(theta)?",NDA,Mathematics,Trigonometry,Trigonometric Functions,Trigonometric Identities,Basic identities,Easy,MCQ,FALSE,
Q_1_28,"The equation of the circle passing through (0,0), (2,0), and (0,2) is:",NDA,Mathematics,Coordinate Geometry,Two Dimensional Geometry,Circles,Equation of a circle through three points,Medium,MCQ,FALSE,
Q_1_29,What is the degree of the differential equation d^2y/dx^2 = [1 + (dy/dx)^2]^3/2?,NDA,Mathematics,Calculus,Differential Equations,Order and Degree of Differential Equations,Definition of degree,Easy,MCQ,FALSE,
Q_1_30,Consider the equation |x|^2 - 3|x| + 2 = 0. How many real roots does this equation have?,NDA,Mathematics,Algebra,Complex Numbers and Quadratic Equations,Quadratic Equations,Roots of equations involving absolute values,Medium,MCQ,FALSE,
Q_1_31,"If A is a square matrix such that A^2 = I, where I is the identity matrix, consider the statements: 1) A mus",NDA,Mathematics,Algebra,Matrices and Determinants,Types of Matrices,Properties of matrices (Involuntary matrix),Medium,MCQ,FALSE,
Q_1_32,What is the value of sin(20°)sin(40°)sin(80°)?,NDA,Mathematics,Trigonometry,Trigonometric Functions,Trigonometric Identities,Product identities,Medium,MCQ,FALSE,
Q_1_33,"The equation of the circle passing through (1, 0) and (0, 1) and having the smallest possible radius is:",NDA,Mathematics,Coordinate Geometry,Two Dimensional Geometry,Circles,Equation of a circle (diameter form),Medium,MCQ,FALSE,
Q_1_34,The value of the integral from 0 to π/2 of (sin^n x) / (sin^n x + cos^n x) dx is:,NDA,Mathematics,Calculus,Integral Calculus,Definite Integrals,Properties of definite integrals,Medium,MCQ,FALSE,
Q_1_35,"If the vectors a = i + j + k, b = i + j, and c = i + λj + μk are linearly dependent and |c| = sqrt(3), then:",NDA,Mathematics,Vector Algebra,Vectors,Linear Dependence and Independence of Vectors,Magnitude of a vector,Medium,MCQ,FALSE,
Q_1_36,Two dice are thrown. What is the probability that the sum of the numbers appearing on them is a prime number?,NDA,Mathematics,Probability,Statistics and Probability,Probability of Events,Dice problems,Medium,MCQ,FALSE,
Q_1_37,Consider the function f(x) = x^3 - 6x^2 + 9x + 5. The function is strictly decreasing in the interval:,NDA,Mathematics,Calculus,Differential Calculus (Maxima-Minima),Application of Derivatives,Increasing and Decreasing Functions,Medium,MCQ,FALSE,
Q_1_38,The angle between the lines x+y+1=0 and x-y+3=0 is:,NDA,Mathematics,Coordinate Geometry,Two Dimensional Geometry,Straight Lines,Angle between two lines,Easy,MCQ,FALSE,
Q_1_39,"If z = (1+i)/(1-i), then z^4 is equal to:",NDA,Mathematics,Algebra,Complex Numbers and Quadratic Equations,Complex Numbers,Powers of complex numbers,Easy,MCQ,FALSE,
Q_1_40,"If omega is a complex cube root of unity, what is the value of the determinant |1, omega, omega^2; omega, o",NDA,Mathematics,Algebra,Matrices and Determinants,Determinants,Properties of determinants (with complex numbers),Medium,MCQ,FALSE,
Q_1_41,Consider the lines x + y = 3 and 2x + 2y = 6. Which of the following statements is correct?,NDA,Mathematics,Coordinate Geometry,Two Dimensional Geometry,Straight Lines,"Parallel, intersecting, coincident lines",Easy,MCQ,FALSE,
Q_1_42,"If f(x) = |x| + |x-1|, then the derivative f'(x) at x = 0.5 is:",NDA,Mathematics,Calculus,"Limit, Continuity, Differentiability",Differentiability,Derivative of absolute value functions,Medium,MCQ,FALSE,
Q_1_43,What is the area of the region bounded by y = sin x and the x-axis from x = 0 to x = 2*pi?,NDA,Mathematics,Calculus,Integral Calculus,Application of Integrals,Area under the curve,Medium,MCQ,FALSE,
Q_1_44,"If a vector A = i + 2j + 3k is perpendicular to vector B = 2i - j + mk, what is the value of m?",NDA,Mathematics,Vector Algebra,Vectors,Scalar Product (Dot Product),Perpendicular vectors,Easy,MCQ,FALSE,
Q_1_45,"How many 3-digit numbers can be formed using digits 1, 2, 3, 4, 5 if repetition of digits is allowed?",NDA,Mathematics,Combinatorics,Statistics and Probability,Permutations and Combinations,Number formation with repetition,Easy,MCQ,FALSE,
Q_1_46,Consider the following statements for a square matrix A: 1. A is invertible if det(A) is not 0. 2. A*adj(A),NDA,Mathematics,Algebra,Matrices and Determinants,Inverse of a Matrix,Properties of adjoint and inverse,Medium,MCQ,FALSE,
Q_1_47,"If sin(theta) + cos(theta) = sqrt(2), what is the value of sin(theta) * cos(theta)?",NDA,Mathematics,Trigonometry,Trigonometric Functions,Trigonometric Identities,Basic identities,Easy,MCQ,FALSE,
Q_1_48,"The equation of the circle passing through (0,0), (2,0), and (0,2) is:",NDA,Mathematics,Coordinate Geometry,Two Dimensional Geometry,Circles,Equation of a circle through three points,Medium,MCQ,FALSE,
Q_1_49,"If the roots of the equation x^2 - kx + 16 = 0 are real and equal, then what is the value of k?",NDA,Mathematics,Algebra,Complex Numbers and Quadratic Equations,Quadratic Equations,Nature of roots (Discriminant),Easy,MCQ,FALSE,
Q_1_50,"If α and β are the roots of the equation x^2 - x + 1 = 0, then what is the value of α^2024 + β^2024?",NDA,Mathematics,Mathematics,Complex Numbers and Quadratic Equations,Quadratic Equations,"Roots of a quadratic equation, Powers of roots",Medium,MCQ,FALSE,
Q_1_51,"Consider the matrix A = [[cos θ, -sin θ], [sin θ, cos θ]]. Which of the following statements are",NDA,Mathematics,Mathematics,Matrices and Determinants,Properties of Matrices,"Orthogonal matrices, Matrix powers",Medium,MCQ,FALSE,
Q_1_52,"If the angle between the vectors a = i + j + k and b = i + j + λk is π/3, what is the value of λ?",NDA,Mathematics,Mathematics,Vectors,Dot Product of Vectors,Angle between two vectors,Medium,MCQ,FALSE,
Q_1_53,What is the area of the region bounded by y = |x-1| and y = 3 - |x|?,NDA,Mathematics,Mathematics,Integral Calculus,Area Under the Curve,"Area between two curves, Absolute value functions",Hard,MCQ,FALSE,
Q_1_54,Consider the expansion of (x^2 + 1/x)^12. Which statement is correct? 1. The constant term is 49,NDA,Mathematics,Mathematics,Sequences and Series,Binomial Theorem,"Constant term, General term in expansion",Medium,MCQ,FALSE,
Q_1_55,"A line passes through (2, 2) and is perpendicular to the line 3x + y = 3. What is the y-interce",NDA,Mathematics,Mathematics,Two Dimensional Geometry,Straight Lines,"Equation of a line, Perpendicular lines, Y-intercept",Easy,MCQ,FALSE,
Q_1_56,"If sin θ + cos θ = 1, then the value of sin 2θ is:",NDA,Mathematics,Mathematics,Trigonometric Functions,Trigonometric Identities,Double angle formulas,Easy,MCQ,FALSE,
Q_1_57,The derivative of f(x) = x^x with respect to x is:,NDA,Mathematics,Mathematics,"Limit, Continuity, Differentiability",Differential Calculus,"Logarithmic differentiation, Derivatives of transcendental functions",Medium,MCQ,FALSE,
Q_1_58,A box contains 5 red and 4 blue balls. Two balls are drawn at random. What is the probability t,NDA,Mathematics,Mathematics,Statistics and Probability,Probability,"Combinations, Event probability",Medium,MCQ,FALSE,
Q_1_59,What is the value of the determinant of a 3x3 identity matrix added to the matrix of all ones?,NDA,Mathematics,Mathematics,Matrices and Determinants,Determinants,"Properties of determinants, Matrix operations",Medium,MCQ,FALSE,
Q_1_60,"If alpha and beta are the roots of x^2 - x + 1 = 0, what is the value of alpha^2024 + beta^2024?",NDA,Mathematics,Mathematics,Complex Numbers and Quadratic Equations,Quadratic Equations,"Roots of a quadratic equation, Powers of roots",Medium,MCQ,FALSE,
Q_1_61,"Consider the matrix A = [[1, a], [0, 1]]. What is A^n for any positive integer n?",NDA,Mathematics,Mathematics,Matrices and Determinants,Properties of Matrices,"Matrix exponentiation, Powers of matrices",Medium,MCQ,FALSE,
Q_1_62,"If sin(x) + cos(x) = sqrt(2)cos(y), then what is the slope of the line connecting (x, y) coordi",NDA,Mathematics,Mathematics,Trigonometric Functions,Trigonometric Equations and Identities,"Linear equations in trigonometry, Slope of a line",Hard,MCQ,FALSE,
Q_1_63,A particle moves along a curve y = x^3 - 3x + 2. At which point is the tangent parallel to the l,NDA,Mathematics,Mathematics,Differential Calculus (Maxima-Minima),Applications of Derivatives,"Tangents and Normals, Slope of a tangent",Medium,MCQ,FALSE,
Q_1_64,"In a triangle ABC, if a^2, b^2, c^2 are in Arithmetic Progression, then which of the following i",NDA,Mathematics,Mathematics,Trigonometric Functions,Properties of Triangles,"Sine Rule, Cosine Rule, Arithmetic Progression",Hard,MCQ,FALSE,
Q_1_65,What is the area of the region bounded by y = |x| - 1 and the x-axis?,NDA,Mathematics,Mathematics,Integral Calculus,Area Under the Curve,Area bounded by absolute value functions,Medium,MCQ,FALSE,
Q_1_66,"If the vectors 2i + j - k, i - 4j + lambda k, and i + j + k are coplanar, find lambda.",NDA,Mathematics,Mathematics,Vectors,Scalar Triple Product,Coplanar vectors,Medium,MCQ,FALSE,
Q_1_67,Which of the following is the differential equation of all circles touching the x-axis at the o,NDA,Mathematics,Mathematics,Differential Equations,Formation of Differential Equations,"Family of curves, Circles",Hard,MCQ,FALSE,
Q_1_68,"If P(A) = 0.4, P(B) = 0.8, and P(B|A) = 0.6, what is P(A or B)?",NDA,Mathematics,Mathematics,Statistics and Probability,Probability,"Conditional probability, Union of events",Medium,MCQ,FALSE,
Q_1_69,The number of ways to arrange the letters of the word 'MATHEMATICS' such that vowels are always,NDA,Mathematics,Mathematics,Sequences and Series,Permutations and Combinations,"Arrangements with restrictions, Repeated letters",Medium,MCQ,FALSE,
Q_1_70,"If alpha and beta are the roots of the equation x^2 - px + q = 0, then the value of alpha^3 + ",NDA,Mathematics,Mathematics,Complex Numbers and Quadratic Equations,Quadratic Equations,"Roots of a quadratic equation, Symmetric expressions of roots",Medium,MCQ,FALSE,
Q_1_71,"Consider the matrix A = [[cos theta, -sin theta], [sin theta, cos theta]]. Which of the followi",NDA,Mathematics,Mathematics,Matrices and Determinants,Properties of Matrices,"Orthogonal matrices, Matrix powers, Determinant of a matrix",Medium,MCQ,FALSE,
Q_1_72,The value of sin^2(pi/8 + A/2) - sin^2(pi/8 - A/2) is:,NDA,Mathematics,Mathematics,Trigonometric Functions,Trigonometric Identities,"Compound angle formulas, Difference of squares",Medium,MCQ,FALSE,
Q_1_73,"The equation of the circle passing through (1, 1) and having its center at the origin is:",NDA,Mathematics,Mathematics,Two Dimensional Geometry,Circles,"Equation of a circle, Center and radius",Easy,MCQ,FALSE,
Q_1_74,What is the derivative of f(x) = log_e(sec x + tan x) with respect to x?,NDA,Mathematics,Mathematics,"Limit, Continuity, Differentiability",Differential Calculus,Derivatives of logarithmic and trigonometric functions,Medium,MCQ,FALSE,
Q_1_75,"If the vectors a = 2i - j + k and b = i + 2j - 3k are perpendicular, find the value of k if a ",NDA,Mathematics,Mathematics,Vectors,Dot Product of Vectors,"Perpendicular vectors, Properties of dot product",Hard,MCQ,FALSE,
Q_1_76,Two dice are thrown. What is the probability that the sum of the numbers appearing on them is a ,NDA,Mathematics,Mathematics,Statistics and Probability,Probability,"Dice problems, Event probability, Prime numbers",Medium,MCQ,FALSE,
Q_1_77,"The area bounded by the curve y = x^2, the x-axis, and the lines x = 1 and x = 2 is:",NDA,Mathematics,Mathematics,Integral Calculus,Area Under the Curve,"Definite integration, Area bounded by parabola",Easy,MCQ,FALSE,
Q_1_78,"If the vertices of a triangle are (1, 2), (4, 4), and (3, 5), what is the area of the triangle?",NDA,Mathematics,Mathematics,Two Dimensional Geometry,Coordinate Geometry,Area of a triangle,Easy,MCQ,FALSE,
Q_1_79,"Find the equation of the plane passing through (1, 1, 1) and perpendicular to the vector 2i + ",NDA,Mathematics,Mathematics,Three Dimensional Geometry,Planes,"Equation of a plane, Normal vector",Easy,MCQ,FALSE,
Q_1_80,"If α and β are the roots of the equation x^2 - x + 1 = 0, then what is α^2024 + β^2024",NDA,Mathematics,Algebra,Complex Numbers and Quadratic Equations,Roots of Quadratic Equations,Properties of complex roots (roots of unity),Medium,MCQ,FALSE,
Q_1_81,"Consider the matrix A = [[cosθ, sinθ], [-sinθ, cosθ]]. Which of the following statements are ",NDA,Mathematics,Linear Algebra,Matrices and Determinants,Properties of Matrices,"Orthogonal matrices, Matrix powers, Determinants",Medium,MCQ,FALSE,
Q_1_82,"If sin^-1(x) + sin^-1(y) + sin^-1(z) = 3π/2, then the value of x^100 + y^100 + z^100 - (3",NDA,Mathematics,Trigonometry,Inverse Trigonometric Functions,Properties of Inverse Trigonometric Functions,Domain and Range of sin^-1(x),Medium,MCQ,FALSE,
Q_1_83,What is the area of the region bounded by the curves y = |x-1| and y = 3 - |x|?,NDA,Mathematics,Calculus,Integral Calculus,Area under Curves,Area bounded by absolute value functions,Medium,MCQ,FALSE,
Q_1_84,"A line passes through the point (2, 3) and makes an angle of 45° with the line x + 3y + 7 = ",NDA,Mathematics,Coordinate Geometry,Two Dimensional Geometry,Straight Lines,"Angle between two lines, slope",Medium,MCQ,FALSE,
Q_1_85,"If the vectors a = i + j + k, b = 2i - j + 3k and c = i - 2j + k are coplanar, find the valu",NDA,Mathematics,Vector Algebra,Vectors,Coplanar Vectors,"Scalar projection, Vector cross product",Medium,MCQ,FALSE,
Q_1_86,"Let f(x) be a function such that f'(x) = g(x) and g'(x) = -f(x). If f(0) = 0 and f'(0) = 1,",NDA,Mathematics,Differential Equations,Differential Equations,Second Order Differential Equations,"Relationships between functions and derivatives (e.g., sin/cos)",Hard,MCQ,FALSE,
Q_1_87,A coin is tossed 10 times. What is the probability of getting exactly 6 heads?,NDA,Mathematics,Probability,Statistics and Probability,Binomial Probability Distribution,Coin toss probability,Medium,MCQ,FALSE,
Q_1_88,"The equation of the plane passing through (1, 1, 1) and perpendicular to the line joining (0",NDA,Mathematics,3D Geometry,Three Dimensional Geometry,Planes,Equation of a plane perpendicular to a line,Medium,MCQ,FALSE,
Q_1_89,Consider the function f(x) = x^3 - 3x + 2. The local maxima and minima are at:,NDA,Mathematics,Calculus,Differential Calculus (Maxima-Minima),Maxima and Minima of Functions,Local maxima and minima (first derivative test),Easy,MCQ,FALSE,
Q_1_90,"If α and β are the roots of the equation x^2 - x + 1 = 0, then the value of α^2024 + β^2024",NDA,Mathematics,Algebra,Complex Numbers and Quadratic Equations,Roots of Quadratic Equations,Properties of complex roots (roots of unity),Medium,MCQ,FALSE,
Q_1_91,"Consider the matrix A = [[cos θ, -sin θ], [sin θ, cos θ]]. Which of the following statements",NDA,Mathematics,Linear Algebra,Matrices and Determinants,Properties of Matrices,"Orthogonal matrices, Matrix powers, Involutory matrices",Medium,MCQ,FALSE,
Q_1_92,"If sin θ + cos θ = 1, then the value of sin 2θ is:",NDA,Mathematics,Trigonometry,Trigonometric Functions,Trigonometric Identities,Double angle formulas,Easy,MCQ,FALSE,
Q_1_93,"The locus of a point which moves such that the sum of its distances from (3, 0) and (-3, 0)",NDA,Mathematics,Coordinate Geometry,Two Dimensional Geometry,Conic Sections,Ellipse (definition based on foci),Easy,MCQ,FALSE,
Q_1_94,What is the value of ∫_0^π/2 (sin^n x) / (sin^n x + cos^n x) dx?,NDA,Mathematics,Calculus,Integral Calculus,Definite Integrals,Properties of definite integrals (King's property),Medium,MCQ,FALSE,
Q_1_95,"If the vectors a = i + j + k and b = 2i - j + mk are perpendicular, then the value of m is:",NDA,Mathematics,Vector Algebra,Vectors,Dot Product of Vectors,Condition for perpendicularity,Easy,MCQ,FALSE,
Q_1_96,Two dice are thrown simultaneously. What is the probability that the sum of the numbers on the,NDA,Mathematics,Probability,Statistics and Probability,Basic Probability,"Dice throw, Prime numbers",Medium,MCQ,FALSE,
Q_1_97,The derivative of f(x) = log(sec x + tan x) with respect to x is:,NDA,Mathematics,Calculus,Differential Calculus (Maxima-Minima),Differentiation,Derivatives of logarithmic and trigonometric functions,Easy,MCQ,FALSE,
Q_1_98,"The equation of the plane passing through (1, 1, 1) and perpendicular to the vector 2i + 3j",NDA,Mathematics,3D Geometry,Three Dimensional Geometry,Planes,Equation of a plane with given point and normal vector,Easy,MCQ,FALSE,
Q_1_99,"If nCr + 2*nCr+1 + nCr+2 = n+2Cr+2, which of the following is true?",NDA,Mathematics,Algebra,Sequences and Series,Combinations,Pascal's Identity,Medium,MCQ,FALSE,
Q_2_0,Identify the part with an error: (A) Neither of the two boys / (B) are going / (C) to the mar,NDA,GAT,Grammar,Grammar,Error Detection,Subject-Verb Agreement,Easy,MCQ,FALSE,
Q_2_1,Select the synonym of 'Clandestine'.,NDA,GAT,Vocabulary,Vocabulary,Synonyms,Word meaning,Easy,MCQ,FALSE,
Q_2_2,Identify the part with an error: (A) Scarcely had he gone out / (B) than it started / (C) rai,NDA,GAT,Grammar,Grammar,Error Detection,Conjunctions (Scarcely...when/before),Medium,MCQ,FALSE,
Q_2_3,Select the antonym of 'Mitigate'.,NDA,GAT,Vocabulary,Vocabulary,Antonyms,Word meaning,Easy,MCQ,FALSE,
Q_2_4,"Fill in the blank: The captain, along with the soldiers, _____ killed.",NDA,GAT,Grammar,Grammar,Fill in the Blanks,Subject-Verb Agreement,Easy,Fill in the Blank,FALSE,
Q_2_5,Select the synonym of 'Audacious'.,NDA,GAT,Vocabulary,Vocabulary,Synonyms,Word meaning,Easy,MCQ,FALSE,
Q_2_6,Spot the error: (A) He returned back / (B) from Delhi / (C) yesterday morning / (D) No Error,NDA,GAT,Grammar,Grammar,Error Detection,Redundancy / Superfluous words,Easy,MCQ,FALSE,
Q_2_7,Select the antonym of 'Indolent'.,NDA,GAT,Vocabulary,Vocabulary,Antonyms,Word meaning,Easy,MCQ,FALSE,
Q_2_8,Spot the error: (A) Many a student / (B) have registered / (C) for the mock test / (D) No Er,NDA,GAT,Grammar,Grammar,Error Detection,Subject-Verb Agreement (Many a/an),Medium,MCQ,FALSE,
Q_2_9,Fill in the blank: Work hard lest you _____ fail.,NDA,GAT,Grammar,Grammar,Fill in the Blanks,Conjunctions (lest),Easy,Fill in the Blank,FALSE,
Q_2_10,Select the synonym of 'Pugnacious'.,NDA,GAT,Verbal Ability,Vocabulary,Synonyms,,Medium,MCQ,FALSE,
Q_2_11,Change to active voice: 'The glass was broken by Hari.',NDA,GAT,Verbal Ability,Grammar,Tenses,Active-Passive Voice,Medium,MCQ,FALSE,
Q_2_12,Select the antonym of 'Terse'.,NDA,GAT,Verbal Ability,Vocabulary,Antonyms,,Medium,MCQ,FALSE,
Q_2_13,Spot the error: (A) He is senior / (B) than me / (C) in college / (D) No Error,NDA,GAT,Verbal Ability,Grammar,Error Detection,Prepositions,Medium,MCQ,FALSE,
Q_2_14,Fill in the blank: He has been living here _____ 2020.,NDA,GAT,Verbal Ability,Grammar,Fill in the Blanks,Prepositions,Easy,MCQ,FALSE,
Q_2_15,Identify the part with an error: (A) Neither of the two boys / (B) are going / (C) to the market / (D) No Error,NDA,GAT,Verbal Ability,Grammar,Error Detection,Subject-Verb Agreement,Medium,MCQ,FALSE,
Q_2_16,Select the synonym of 'Clandestine'.,NDA,GAT,Verbal Ability,Vocabulary,Synonyms,,Medium,MCQ,FALSE,
Q_2_17,Identify the part with an error: (A) Scarcely had he gone out / (B) than it started / (C) raining heavily / (D) No Error,NDA,GAT,Verbal Ability,Grammar,Error Detection,Conjunctions,Medium,MCQ,FALSE,
Q_2_18,Select the antonym of 'Mitigate'.,NDA,GAT,Verbal Ability,Vocabulary,Antonyms,,Medium,MCQ,FALSE,
Q_2_19,"Fill in the blank: The captain, along with the soldiers, _____ killed.",NDA,GAT,Verbal Ability,Grammar,Fill in the Blanks,Subject-Verb Agreement,Medium,MCQ,FALSE,
Q_2_20,Select the synonym of 'Audacious'.,NDA,GAT,Verbal Ability,Vocabulary,Synonyms,,Medium,MCQ,FALSE,
Q_2_21,Spot the error: (A) He returned back / (B) from Delhi / (C) yesterday morning / (D) No Error,NDA,GAT,Verbal Ability,Grammar,Error Detection,Redundancy,Medium,MCQ,FALSE,
Q_2_22,Select the antonym of 'Indolent'.,NDA,GAT,Verbal Ability,Vocabulary,Antonyms,,Medium,MCQ,FALSE,
Q_2_23,Spot the error: (A) Many a student / (B) have registered / (C) for the mock test / (D) No Error,NDA,GAT,Verbal Ability,Grammar,Error Detection,Subject-Verb Agreement,Medium,MCQ,FALSE,
Q_2_24,Fill in the blank: Work hard lest you _____ fail.,NDA,GAT,Verbal Ability,Grammar,Fill in the Blanks,Conjunctions,Medium,MCQ,FALSE,
Q_2_25,Select the synonym of 'Pugnacious'.,NDA,GAT,Verbal Ability,Vocabulary,Synonyms,,Medium,MCQ,FALSE,
Q_2_26,Change to active voice: 'The glass was broken by Hari.',NDA,GAT,Verbal Ability,Grammar,Tenses,Active-Passive Voice,Medium,MCQ,FALSE,
Q_2_27,Select the antonym of 'Terse'.,NDA,GAT,Verbal Ability,Vocabulary,Antonyms,,Medium,MCQ,FALSE,
Q_2_28,Spot the error: (A) He is senior / (B) than me / (C) in college / (D) No Error,NDA,GAT,Verbal Ability,Grammar,Error Detection,Prepositions,Medium,MCQ,FALSE,
Q_2_29,Fill in the blank: He has been living here _____ 2020.,NDA,GAT,Verbal Ability,Grammar,Fill in the Blanks,Prepositions,Easy,MCQ,FALSE,
Q_2_30,Identify the part with an error: (A) Neither of the two boys / (B) are going / (C) to the market / (D) No Error,NDA,GAT,Verbal Ability,Grammar,Error Detection,Subject-Verb Agreement,Medium,MCQ,FALSE,
Q_2_31,Select the synonym of 'Clandestine'.,NDA,GAT,Verbal Ability,Vocabulary,Synonyms,,Medium,MCQ,FALSE,
Q_2_32,Identify the part with an error: (A) Scarcely had he gone out / (B) than it started / (C) raining heavily / (D) No Error,NDA,GAT,Verbal Ability,Grammar,Error Detection,Conjunctions,Medium,MCQ,FALSE,
Q_2_33,Select the antonym of 'Mitigate'.,NDA,GAT,Verbal Ability,Vocabulary,Antonyms,,Medium,MCQ,FALSE,
Q_2_34,"Fill in the blank: The captain, along with the soldiers, _____ killed.",NDA,GAT,Verbal Ability,Grammar,Fill in the Blanks,Subject-Verb Agreement,Medium,MCQ,FALSE,
Q_2_35,Select the synonym of 'Audacious'.,NDA,GAT,Verbal Ability,Vocabulary,Synonyms,,Medium,MCQ,FALSE,
Q_2_36,Spot the error: (A) He returned back / (B) from Delhi / (C) yesterday morning / (D) No Error,NDA,GAT,Verbal Ability,Grammar,Error Detection,Redundancy,Medium,MCQ,FALSE,
Q_2_37,Select the antonym of 'Indolent'.,NDA,GAT,Verbal Ability,Vocabulary,Antonyms,,Medium,MCQ,FALSE,
Q_2_38,Spot the error: (A) Many a student / (B) have registered / (C) for the mock test / (D) No Error,NDA,GAT,Verbal Ability,Grammar,Error Detection,Subject-Verb Agreement,Medium,MCQ,FALSE,
Q_2_39,Fill in the blank: Work hard lest you _____ fail.,NDA,GAT,Verbal Ability,Grammar,Fill in the Blanks,Conjunctions,Medium,MCQ,FALSE,
Q_2_40,Select the synonym of 'Pugnacious'.,NDA,GAT,Verbal Ability,Vocabulary,Synonyms,,Medium,MCQ,FALSE,
Q_2_41,Change to active voice: 'The glass was broken by Hari.',NDA,GAT,Verbal Ability,Grammar,Voice,Active and Passive Voice,Easy,MCQ,FALSE,
Q_2_42,Select the antonym of 'Terse'.,NDA,GAT,Verbal Ability,Vocabulary,Antonyms,,Medium,MCQ,FALSE,
Q_2_43,Spot the error: (A) He is senior / (B) than me / (C) in college / (D) No Error,NDA,GAT,Verbal Ability,Grammar,Error Detection,Comparison of Adjectives (Senior to),Easy,MCQ,FALSE,
Q_2_44,Fill in the blank: He has been living here _____ 2020.,NDA,GAT,Verbal Ability,Grammar,Fill in the Blanks,Prepositions (of time),Easy,MCQ,FALSE,
Q_2_45,Identify the part with an error: (A) Neither of the two boys / (B) are going / (C) to the market / (D),NDA,GAT,Verbal Ability,Grammar,Error Detection,Subject-Verb Agreement,Medium,MCQ,FALSE,
Q_2_46,Select the synonym of 'Clandestine'.,NDA,GAT,Verbal Ability,Vocabulary,Synonyms,,Medium,MCQ,FALSE,
Q_2_47,Identify the part with an error: (A) Scarcely had he gone out / (B) than it started / (C) raining heavily,NDA,GAT,Verbal Ability,Grammar,Error Detection,Conjunctions (Scarcely...when),Medium,MCQ,FALSE,
Q_2_48,Select the antonym of 'Mitigate'.,NDA,GAT,Verbal Ability,Vocabulary,Antonyms,,Medium,MCQ,FALSE,
Q_2_49,"Fill in the blank: The captain, along with the soldiers, _____ killed.",NDA,GAT,Verbal Ability,Grammar,Fill in the Blanks,Subject-Verb Agreement,Medium,MCQ,FALSE,
Q_2_50,Select the synonym of 'Audacious'.,NDA,GAT,Verbal Ability,Vocabulary,Synonyms,,Medium,MCQ,FALSE,
Q_2_51,Spot the error: (A) He returned back / (B) from Delhi / (C) yesterday morning / (D) No Error,NDA,GAT,Verbal Ability,Grammar,Error Detection,Redundancy,Easy,MCQ,FALSE,
Q_2_52,Select the antonym of 'Indolent'.,NDA,GAT,Verbal Ability,Vocabulary,Antonyms,,Medium,MCQ,FALSE,
Q_2_53,Spot the error: (A) Many a student / (B) have registered / (C) for the mock test / (D) No Error,NDA,GAT,Verbal Ability,Grammar,Error Detection,Subject-Verb Agreement (Many a),Medium,MCQ,FALSE,
Q_2_54,Fill in the blank: Work hard lest you _____ fail.,NDA,GAT,Verbal Ability,Grammar,Fill in the Blanks,Modals (Lest...should),Medium,MCQ,FALSE,
Q_2_55,Select the synonym of 'Pugnacious'.,NDA,GAT,Verbal Ability,Vocabulary,Synonyms,,Medium,MCQ,FALSE,
Q_2_56,Change to active voice: 'The glass was broken by Hari.',NDA,GAT,Verbal Ability,Grammar,Voice,Active and Passive Voice,Easy,MCQ,FALSE,
Q_2_57,Select the antonym of 'Terse'.,NDA,GAT,Verbal Ability,Vocabulary,Antonyms,,Medium,MCQ,FALSE,
Q_2_58,Spot the error: (A) He is senior / (B) than me / (C) in college / (D) No Error,NDA,GAT,Verbal Ability,Grammar,Error Detection,Comparison of Adjectives (Senior to),Easy,MCQ,FALSE,
Q_2_59,Fill in the blank: He has been living here _____ 2020.,NDA,GAT,Verbal Ability,Grammar,Fill in the Blanks,Prepositions (of time),Easy,MCQ,FALSE,
Q_2_60,Identify the part with an error: (A) Neither of the two boys / (B) are going / (C) to the market / (D),NDA,GAT,Verbal Ability,Grammar,Error Detection,Subject-Verb Agreement,Medium,MCQ,FALSE,
Q_2_61,Select the synonym of 'Clandestine'.,NDA,GAT,Verbal Ability,Vocabulary,Synonyms,,Medium,MCQ,FALSE,
Q_2_62,Identify the part with an error: (A) Scarcely had he gone out / (B) than it started / (C) raining heavily,NDA,GAT,Verbal Ability,Grammar,Error Detection,Conjunctions (Scarcely...when),Medium,MCQ,FALSE,
Q_2_63,Select the antonym of 'Mitigate'.,NDA,GAT,Verbal Ability,Vocabulary,Antonyms,,Medium,MCQ,FALSE,
Q_2_64,"Fill in the blank: The captain, along with the soldiers, _____ killed.",NDA,GAT,Verbal Ability,Grammar,Fill in the Blanks,Subject-Verb Agreement,Medium,MCQ,FALSE,
Q_2_65,Select the synonym of 'Audacious'.,NDA,GAT,Verbal Ability,Vocabulary,Synonyms,,Medium,MCQ,FALSE,
Q_2_66,Spot the error: (A) He returned back / (B) from Delhi / (C) yesterday morning / (D) No Error,NDA,GAT,Verbal Ability,Grammar,Error Detection,Redundancy,Easy,MCQ,FALSE,
Q_2_67,Select the antonym of 'Indolent'.,NDA,GAT,Verbal Ability,Vocabulary,Antonyms,,Medium,MCQ,FALSE,
Q_2_68,Spot the error: (A) Many a student / (B) have registered / (C) for the mock test / (D) No Error,NDA,GAT,Verbal Ability,Grammar,Error Detection,Subject-Verb Agreement (Many a),Medium,MCQ,FALSE,
Q_2_69,Fill in the blank: Work hard lest you _____ fail.,NDA,GAT,Verbal Ability,Grammar,Fill in the Blanks,Modals (Lest...should),Medium,MCQ,FALSE,
Q_2_70,Select the synonym of 'Pugnacious'.,NDA,GAT,English,Vocabulary,Synonyms,,Medium,MCQ,FALSE,
Q_2_71,Change to active voice: 'The glass was broken by Hari.',NDA,GAT,English,Grammar,Sentence Transformation,Active/Passive Voice,Easy,MCQ,FALSE,
Q_2_72,Select the antonym of 'Terse'.,NDA,GAT,English,Vocabulary,Antonyms,,Medium,MCQ,FALSE,
Q_2_73,Spot the error: (A) He is senior / (B) than me / (C) in college / (D) No Error,NDA,GAT,English,Grammar,Error Detection,Prepositions / Adjectives,Medium,MCQ,FALSE,
Q_2_74,Fill in the blank: He has been living here _____ 2020.,NDA,GAT,English,Grammar,Fill in the Blanks,Prepositions of Time,Easy,MCQ,FALSE,
Q_2_75,Identify the part with an error: (A) Neither of the two boys / (B) are going / (C) to the market / (D) No Error,NDA,GAT,English,Grammar,Error Detection,Subject-Verb Agreement,Medium,MCQ,FALSE,
Q_2_76,Select the synonym of 'Clandestine'.,NDA,GAT,English,Vocabulary,Synonyms,,Medium,MCQ,FALSE,
Q_2_77,Identify the part with an error: (A) Scarcely had he gone out / (B) than it started / (C) raining heavily / (D) No Error,NDA,GAT,English,Grammar,Error Detection,Conjunctions,Medium,MCQ,FALSE,
Q_2_78,Select the antonym of 'Mitigate'.,NDA,GAT,English,Vocabulary,Antonyms,,Medium,MCQ,FALSE,
Q_2_79,"Fill in the blank: The captain, along with the soldiers, _____ killed.",NDA,GAT,English,Grammar,Fill in the Blanks,Subject-Verb Agreement,Medium,MCQ,FALSE,
Q_2_80,Select the synonym of 'Audacious'.,NDA,GAT,English,Vocabulary,Synonyms,,Medium,MCQ,FALSE,
Q_2_81,Spot the error: (A) He returned back / (B) from Delhi / (C) yesterday morning / (D) No Error,NDA,GAT,English,Grammar,Error Detection,Redundancy,Easy,MCQ,FALSE,
Q_2_82,Select the antonym of 'Indolent'.,NDA,GAT,English,Vocabulary,Antonyms,,Medium,MCQ,FALSE,
Q_2_83,Spot the error: (A) Many a student / (B) have registered / (C) for the mock test / (D) No Error,NDA,GAT,English,Grammar,Error Detection,Subject-Verb Agreement,Medium,MCQ,FALSE,
Q_2_84,Fill in the blank: Work hard lest you _____ fail.,NDA,GAT,English,Grammar,Fill in the Blanks,Conjunctions / Modals,Medium,MCQ,FALSE,
Q_2_85,Select the synonym of 'Pugnacious'.,NDA,GAT,English,Vocabulary,Synonyms,,Medium,MCQ,FALSE,
Q_2_86,Change to active voice: 'The glass was broken by Hari.',NDA,GAT,English,Grammar,Sentence Transformation,Active/Passive Voice,Easy,MCQ,FALSE,
Q_2_87,Select the antonym of 'Terse'.,NDA,GAT,English,Vocabulary,Antonyms,,Medium,MCQ,FALSE,
Q_2_88,Spot the error: (A) He is senior / (B) than me / (C) in college / (D) No Error,NDA,GAT,English,Grammar,Error Detection,Prepositions / Adjectives,Medium,MCQ,FALSE,
Q_2_89,Fill in the blank: He has been living here _____ 2020.,NDA,GAT,English,Grammar,Fill in the Blanks,Prepositions of Time,Easy,MCQ,FALSE,
Q_2_90,Identify the part with an error: (A) Neither of the two boys / (B) are going / (C) to the market / (D) No Error,NDA,GAT,English,Grammar,Error Detection,Subject-Verb Agreement,Medium,MCQ,FALSE,
Q_2_91,Select the synonym of 'Clandestine'.,NDA,GAT,English,Vocabulary,Synonyms,,Medium,MCQ,FALSE,
Q_2_92,Identify the part with an error: (A) Scarcely had he gone out / (B) than it started / (C) raining heavily / (D) No Error,NDA,GAT,English,Grammar,Error Detection,Conjunctions,Medium,MCQ,FALSE,
Q_2_93,Select the antonym of 'Mitigate'.,NDA,GAT,English,Vocabulary,Antonyms,,Medium,MCQ,FALSE,
Q_2_94,"Fill in the blank: The captain, along with the soldiers, _____ killed.",NDA,GAT,English,Grammar,Fill in the Blanks,Subject-Verb Agreement,Medium,MCQ,FALSE,
Q_2_95,Select the synonym of 'Audacious'.,NDA,GAT,English,Vocabulary,Synonyms,,Medium,MCQ,FALSE,
Q_2_96,Spot the error: (A) He returned back / (B) from Delhi / (C) yesterday morning / (D) No Error,NDA,GAT,English,Grammar,Error Detection,Redundancy,Easy,MCQ,FALSE,
Q_2_97,Select the antonym of 'Indolent'.,NDA,GAT,English,Vocabulary,Antonyms,,Medium,MCQ,FALSE,
Q_2_98,Spot the error: (A) Many a student / (B) have registered / (C) for the mock test / (D) No Error,NDA,GAT,English,Grammar,Error Detection,Subject-Verb Agreement,Medium,MCQ,FALSE,
Q_2_99,Fill in the blank: Work hard lest you _____ fail.,NDA,GAT,English,Grammar,Fill in the Blanks,Conjunctions / Modals,Medium,MCQ,FALSE,
Q_2_100,Select the synonym of 'Pugnacious'.,NDA,GAT,Verbal Ability,Vocabulary,Synonyms,,Medium,MCQ,FALSE,
Q_2_101,Change to active voice: 'The glass was broken by Hari.',NDA,GAT,Verbal Ability,Grammar,Voice,Active and Passive Voice,Easy,MCQ,FALSE,
Q_2_102,Select the antonym of 'Terse'.,NDA,GAT,Verbal Ability,Vocabulary,Antonyms,,Medium,MCQ,FALSE,
Q_2_103,Spot the error: (A) He is senior / (B) than me / (C) in college / (D) No Error,NDA,GAT,Verbal Ability,Grammar,Error Detection,Prepositions,Medium,MCQ,FALSE,
Q_2_104,Fill in the blank: He has been living here _____ 2020.,NDA,GAT,Verbal Ability,Grammar,Fill in the Blanks,Prepositions,Easy,MCQ,FALSE,
Q_2_105,Identify the part with an error: (A) Neither of the two boys / (B) are going / (C) to the market / (D) No E,NDA,GAT,Verbal Ability,Grammar,Error Detection,Subject-Verb Agreement,Medium,MCQ,FALSE,
Q_2_106,Select the synonym of 'Clandestine'.,NDA,GAT,Verbal Ability,Vocabulary,Synonyms,,Medium,MCQ,FALSE,
Q_2_107,Identify the part with an error: (A) Scarcely had he gone out / (B) than it started / (C) raining heavily /,NDA,GAT,Verbal Ability,Grammar,Error Detection,Conjunctions,Medium,MCQ,FALSE,
Q_2_108,Select the antonym of 'Mitigate'.,NDA,GAT,Verbal Ability,Vocabulary,Antonyms,,Medium,MCQ,FALSE,
Q_2_109,"Fill in the blank: The captain, along with the soldiers, _____ killed.",NDA,GAT,Verbal Ability,Grammar,Fill in the Blanks,Subject-Verb Agreement,Medium,MCQ,FALSE,
Q_2_110,Select the synonym of 'Audacious'.,NDA,GAT,Verbal Ability,Vocabulary,Synonyms,,Medium,MCQ,FALSE,
Q_2_111,Spot the error: (A) He returned back / (B) from Delhi / (C) yesterday morning / (D) No Error,NDA,GAT,Verbal Ability,Grammar,Error Detection,Redundancy,Medium,MCQ,FALSE,
Q_2_112,Select the antonym of 'Indolent'.,NDA,GAT,Verbal Ability,Vocabulary,Antonyms,,Medium,MCQ,FALSE,
Q_2_113,Spot the error: (A) Many a student / (B) have registered / (C) for the mock test / (D) No Error,NDA,GAT,Verbal Ability,Grammar,Error Detection,Subject-Verb Agreement,Medium,MCQ,FALSE,
Q_2_114,Fill in the blank: Work hard lest you _____ fail.,NDA,GAT,Verbal Ability,Grammar,Fill in the Blanks,Modals,Medium,MCQ,FALSE,
Q_2_115,Select the synonym of 'Pugnacious'.,NDA,GAT,Verbal Ability,Vocabulary,Synonyms,,Medium,MCQ,FALSE,
Q_2_116,Change to active voice: 'The glass was broken by Hari.',NDA,GAT,Verbal Ability,Grammar,Voice,Active and Passive Voice,Easy,MCQ,FALSE,
Q_2_117,Select the antonym of 'Terse'.,NDA,GAT,Verbal Ability,Vocabulary,Antonyms,,Medium,MCQ,FALSE,
Q_2_118,Spot the error: (A) He is senior / (B) than me / (C) in college / (D) No Error,NDA,GAT,Verbal Ability,Grammar,Error Detection,Prepositions,Medium,MCQ,FALSE,
Q_2_119,Fill in the blank: He has been living here _____ 2020.,NDA,GAT,Verbal Ability,Grammar,Fill in the Blanks,Prepositions,Easy,MCQ,FALSE,
Q_3_0,Choose the segment that contains a grammatical error: 'The committee (A) / are divided in their opinion (B) / r,NDA,GAT,Verbal Ability,Grammar,Error Detection,Subject-Verb Agreement,Medium,MCQ,FALSE,
Q_3_1,Select the synonym of the word 'OPPROBRIUM':,NDA,GAT,Verbal Ability,Vocabulary,Synonyms,,Hard,MCQ,FALSE,
Q_3_2,Sentence Improvement: 'He is more smarter than his brother.',NDA,GAT,Verbal Ability,Sentence Improvement,Adjectives,Degrees of Comparison,Easy,MCQ,FALSE,
Q_3_3,Identify the correctly ordered sequence for the following sentences: (P) of the local population (Q) the censu,NDA,GAT,Verbal Ability,Ordering of Sentences,Sentence Rearrangement,,Medium,MCQ,FALSE,
Q_3_4,Fill in the blank: 'The soldiers fought ____ the last man.',NDA,GAT,Verbal Ability,Grammar,Fill in the Blanks,Prepositions,Medium,MCQ,FALSE,
Q_3_5,Select the antonym of the word 'EPHEMERAL':,NDA,GAT,Verbal Ability,Vocabulary,Antonyms,,Hard,MCQ,FALSE,
Q_3_6,Spotting Errors: 'Neither the captain nor the players were present at the meeting.',NDA,GAT,Verbal Ability,Grammar,Error Detection,Subject-Verb Agreement,Medium,MCQ,FALSE,
Q_3_7,Select the meaning of the idiom: 'To spill the beans.',NDA,GAT,Verbal Ability,Vocabulary,Idioms & Phrases,,Easy,MCQ,FALSE,
Q_3_8,Choose the correctly spelled word:,NDA,GAT,Verbal Ability,Spellings,Correct Spelling,,Easy,MCQ,FALSE,
Q_3_9,"Reading Comprehension Analysis: If an author uses the phrase 'a double-edged sword', they are likely referring",NDA,GAT,Verbal Ability,Reading Comprehension,Interpreting Figurative Language,,Medium,MCQ,FALSE,
Q_3_10,Choose the segment that contains a grammatical error: 'Hardly had he stepped out of the house (0) when a violent,NDA,GAT,Grammar,Error Detection,Conjunctions,Correlative Conjunctions,Medium,MCQ,FALSE,
Q_3_11,Select the correct option to improve the sentence: 'She is too intelligent to be deceived by his sugar-coate,NDA,GAT,Grammar,Sentence Improvement,Sentence Structure,Transformation of Sentences,Medium,MCQ,FALSE,
Q_3_12,Select the synonym for the word 'EQUIVOCAL':,NDA,GAT,Vocabulary,Vocabulary,Synonyms,,Medium,MCQ,FALSE,
Q_3_13,Select the antonym for the word 'PRAGMATIC':,NDA,GAT,Vocabulary,Vocabulary,Antonyms,,Medium,MCQ,FALSE,
Q_3_14,"Fill in the blanks: 'The committee was divided in its opinion, and each member ______ allowed to express ____",NDA,GAT,Grammar,Fill in the Blanks,Subject-Verb Agreement,Collective Nouns,Medium,MCQ,FALSE,
Q_3_15,Arrange the sentences to form a coherent paragraph: (P) in search of greener pastures (Q) thousands of peop,NDA,GAT,Grammar,Ordering of Sentences,Sentence Rearrangement,,Easy,MCQ,FALSE,
Q_3_16,Identify the word correctly spelled:,NDA,GAT,Grammar,Spellings,Correct Spelling,,Easy,MCQ,FALSE,
Q_3_17,What does the idiom 'To take the bull by the horns' mean?,NDA,GAT,Vocabulary,Idioms & Phrases,Meaning of Idioms,,Easy,MCQ,FALSE,
Q_3_18,"Choose the correct indirect speech for: 'He said, ""I have been working here for two hours.""'",NDA,GAT,Grammar,Grammar,Direct and Indirect Speech,Narration,Medium,MCQ,FALSE,
Q_3_19,Which of the following sentences is written in the active voice?,NDA,GAT,Grammar,Grammar,Active and Passive Voice,Voice,Easy,MCQ,FALSE,
Q_3_20,Choose the part that contains an error: (A) Neither the principal / (B) nor the teachers / (C) is aware of,NDA,GAT,Grammar,Error Detection,Subject-Verb Agreement,Correlative Conjunctions,Medium,MCQ,FALSE,
Q_3_21,Select the synonym for the word: 'OBFUSCATE'.,NDA,GAT,Vocabulary,Vocabulary,Synonyms,,Hard,MCQ,FALSE,
Q_3_22,Improve the underlined part: 'Hardly had he entered the room than the phone rang.',NDA,GAT,Grammar,Sentence Improvement,Conjunctions,Correlative Conjunctions,Medium,MCQ,FALSE,
Q_3_23,Arrange the following parts to form a meaningful sentence: P: the committee Q: a new policy R: decided to imp,NDA,GAT,Grammar,Ordering of Sentences,Sentence Rearrangement,,Easy,MCQ,FALSE,
Q_3_24,Fill in the blank with the correct preposition: 'The candidate was disappointed ____ the lack of transparenc,NDA,GAT,Grammar,Fill in the Blanks,Prepositions,Fixed Prepositions,Medium,MCQ,FALSE,
Q_3_25,Choose the correctly spelled word.,NDA,GAT,Grammar,Spellings,Correct Spelling,,Easy,MCQ,FALSE,
Q_3_26,Select the antonym for the word: 'PROFLIGATE'.,NDA,GAT,Vocabulary,Vocabulary,Antonyms,,Hard,MCQ,FALSE,
Q_3_27,"Identify the type of clause in the sentence: 'Although it was raining, the parade continued.'",NDA,GAT,Grammar,Grammar,Clauses,Adverbial Clause,Medium,MCQ,FALSE,
Q_3_28,"Choose the correct option for the sentence: 'If I were you, I ____ accepted the offer.'",NDA,GAT,Grammar,Grammar,Conditional Sentences,,Medium,MCQ,FALSE,
Q_3_29,Which of the following sentences is grammatically correct?,NDA,GAT,Grammar,Error Detection,Subject-Verb Agreement,Indefinite Pronouns,Medium,MCQ,FALSE,
Q_3_30,Choose the segment that contains a grammatical error: (A) The committee are divided / (B) on the issue of th,NDA,GAT,Grammar,Error Detection,Subject-Verb Agreement,Collective Nouns,Medium,MCQ,FALSE,
Q_3_31,Select the correct sentence improvement: 'He is more smarter than his brother.',NDA,GAT,Grammar,Sentence Improvement,Degrees of Comparison,Adjectives,Easy,MCQ,FALSE,
Q_3_32,Select the synonym of 'Ephemeral':,NDA,GAT,Vocabulary,Vocabulary,Synonyms,,Medium,MCQ,FALSE,
Q_3_33,Identify the antonym of 'Meticulous':,NDA,GAT,Vocabulary,Vocabulary,Antonyms,,Medium,MCQ,FALSE,
Q_3_34,Fill in the blank: 'The manager was __________ by the sudden resignation of his best employee.',NDA,GAT,Vocabulary,Fill in the Blanks,Phrasal Verbs,,Medium,MCQ,FALSE,
Q_3_35,"Rearrange the jumbled sentence parts (P, Q, R, S) to form a coherent paragraph: (P) in the digital age, (Q)",NDA,GAT,Grammar,Ordering of Sentences,Sentence Rearrangement,,Easy,MCQ,FALSE,
Q_3_36,Choose the correctly spelled word:,NDA,GAT,Grammar,Spellings,Correct Spelling,,Easy,MCQ,FALSE,
Q_3_37,Select the meaning of the idiom: 'To burn the midnight oil.',NDA,GAT,Vocabulary,Idioms & Phrases,Meaning of Idioms,,Easy,MCQ,FALSE,
Q_3_38,Which of the following sentences is correctly punctuated?,NDA,GAT,Grammar,Grammar,Punctuation,Semicolon Usage,Medium,MCQ,FALSE,
Q_3_39,Read the following and select the best summary: 'Science is a double-edged sword; it provides tools for prog,NDA,GAT,Sentence Completion,Sentence Completion,Sentence Meaning / Inference,,Easy,MCQ,FALSE,
Q_3_40,Choose the segment that contains a grammatical error: (A) Neither the principal nor the teachers / (B) were,NDA,GAT,Verbal Ability,Grammar,Error Detection,Subject-Verb Agreement,Medium,MCQ,FALSE,
Q_3_41,Select the synonym for the word: 'OBFUSCATE',NDA,GAT,Verbal Ability,Vocabulary,Synonyms,,Medium,MCQ,FALSE,
Q_3_42,Select the most appropriate option to improve the bracketed part: 'The committee (is divided on) the issue o,NDA,GAT,Verbal Ability,Grammar,Sentence Improvement,Subject-Verb Agreement,Medium,MCQ,FALSE,
Q_3_43,"Read the following sentence and identify the correct sequence (P, Q, R, S): (P) to the environment (Q) the e",NDA,GAT,Verbal Ability,Sentence Completion,Ordering of Sentences,,Medium,MCQ,FALSE,
Q_3_44,Choose the most appropriate word to fill in the blank: 'His speech was so __________ that the audience remai,NDA,GAT,Verbal Ability,Fill in the Blanks,Vocabulary,Contextual usage,Medium,MCQ,FALSE,
Q_3_45,Which of the following sentences uses the 'Subjunctive Mood' correctly?,NDA,GAT,Verbal Ability,Grammar,Modals & Auxiliaries,Subjunctive Mood,Medium,MCQ,FALSE,
Q_3_46,Identify the antonym of 'PRAGMATIC',NDA,GAT,Verbal Ability,Vocabulary,Antonyms,,Medium,MCQ,FALSE,
Q_3_47,"Select the correct transformation: 'He said, ""I have been working here for two years."" (Convert to Indirect ",NDA,GAT,Verbal Ability,Grammar,Direct and Indirect Speech,,Medium,MCQ,FALSE,
Q_3_48,Choose the correct spelling:,NDA,GAT,Verbal Ability,Spellings,,,Easy,MCQ,FALSE,
Q_3_49,Assertion (A): The idiom 'to bell the cat' means to perform a dangerous task. Reason (R): It originates from,NDA,GAT,Verbal Ability,Vocabulary,Idioms & Phrases,,Medium,MCQ,FALSE,
Q_3_50,Choose the segment that contains a grammatical error: (A) The committee are divided / (B) on the issue of t,NDA,GAT,Verbal Ability,Grammar,Error Detection,Subject-Verb Agreement,Medium,MCQ,FALSE,
Q_3_51,Select the most appropriate word to fill in the blank: 'The diplomat’s ______ response managed to defuse the,NDA,GAT,Verbal Ability,Fill in the Blanks,Vocabulary,Contextual usage,Medium,MCQ,FALSE,
Q_3_52,Find the synonym of the word 'EPHEMERAL'.,NDA,GAT,Verbal Ability,Vocabulary,Synonyms,,Medium,MCQ,FALSE,
Q_3_53,Identify the correctly improved sentence: 'The patient died before the doctor arrived.',NDA,GAT,Verbal Ability,Grammar,Sentence Improvement,Tenses,Medium,MCQ,FALSE,
Q_3_54,"Rearrange the following parts (P, Q, R, S) to form a coherent sentence: (P) in various fields (Q) the Nobel P",NDA,GAT,Verbal Ability,Sentence Completion,Ordering of Sentences,,Medium,MCQ,FALSE,
Q_3_55,Select the antonym for 'OBDURATE'.,NDA,GAT,Verbal Ability,Vocabulary,Antonyms,,Medium,MCQ,FALSE,
Q_3_56,Which of the following sentences is grammatically correct?,NDA,GAT,Verbal Ability,Grammar,Subject-Verb Agreement,Indefinite Pronouns,Medium,MCQ,FALSE,
Q_3_57,Assertion (A): 'Hardly had he entered the room when the light went out.' Reason (R): 'Hardly' is correctly p,NDA,GAT,Verbal Ability,Grammar,Conjunctions,Correlative Conjunctions,Medium,MCQ,FALSE,
Q_3_58,Select the correctly spelled word.,NDA,GAT,Verbal Ability,Spellings,,,Easy,MCQ,FALSE,
Q_3_59,Choose the idiom that means 'to admit defeat'.,NDA,GAT,Verbal Ability,Vocabulary,Idioms & Phrases,,Easy,MCQ,FALSE,
Q_3_60,Choose the segment that contains a grammatical error: 'The committee (0) / were divided on the issue (1) / o,NDA,GAT,Verbal Ability,Grammar,Error Detection,Subject-Verb Agreement,Medium,MCQ,FALSE,
Q_3_61,Select the synonym of 'Ephemeral' that best fits: 'His fame was ephemeral in the literary circles.',NDA,GAT,Verbal Ability,Vocabulary,Synonyms,Contextual usage,Medium,MCQ,FALSE,
Q_3_62,Fill in the blank: 'The manager decided to ________ the meeting until next week due to the emergency.',NDA,GAT,Verbal Ability,Fill in the Blanks,Phrasal Verbs,,Easy,MCQ,FALSE,
Q_3_63,"Choose the correctly improved sentence: 'If I was you, I would not accept this offer.'",NDA,GAT,Verbal Ability,Grammar,Sentence Improvement,Subjunctive Mood,Easy,MCQ,FALSE,
Q_3_64,"Arrange the sentences (P, Q, R, S) to form a coherent paragraph: (P) The impact of climate change (Q) is bein",NDA,GAT,Verbal Ability,Sentence Completion,Ordering of Sentences,,Medium,MCQ,FALSE,
Q_3_65,Choose the word opposite in meaning to 'Obdurate'.,NDA,GAT,Verbal Ability,Vocabulary,Antonyms,,Medium,MCQ,FALSE,
Q_3_66,Identify the part of speech of the word 'fast' in: 'He is a fast runner.',NDA,GAT,Verbal Ability,Grammar,Parts of Speech,Adjective,Easy,MCQ,FALSE,
Q_3_67,Select the correct meaning of the idiom: 'To spill the beans'.,NDA,GAT,Verbal Ability,Vocabulary,Idioms & Phrases,,Easy,MCQ,FALSE,
Q_3_68,Which of the following sentences is written in Passive Voice?,NDA,GAT,Verbal Ability,Grammar,Voice (Active/Passive),Passive Voice,Easy,MCQ,FALSE,
Q_3_69,Select the correctly spelled word.,NDA,GAT,Verbal Ability,Spellings,,,Easy,MCQ,FALSE,
Q_3_70,Choose the segment that contains a grammatical error: 'Hardly had he stepped out of the house (0) when a violent st,NDA,GAT,Grammar,Grammar,Error Detection,Prepositions / Correlative Conjunctions,Medium,MCQ,FALSE,
Q_3_71,Select the correct sentence improvement for the underlined part: 'The committee is divided in their opinion regardin,NDA,GAT,Grammar,Sentence Completion,Sentence Improvement,Subject-Verb Agreement / Collective Nouns,Medium,MCQ,FALSE,
Q_3_72,Which of the following pairs represent the correct Synonyms and Antonyms for the word 'PRAGMATIC'?,NDA,GAT,Vocabulary,Vocabulary,"Synonyms, Antonyms",Word Meaning,Medium,MCQ,FALSE,
Q_3_73,"Rearrange the following sentences (P, Q, R, S) to form a coherent paragraph: (P) in the heart of the bustling city,",NDA,GAT,Verbal Ability,Sentence Completion,Ordering of Sentences,Paragraph Formation,Medium,MCQ,FALSE,
Q_3_74,Identify the meaning of the idiom: 'To move heaven and earth'.,NDA,GAT,Vocabulary,Vocabulary,Idioms & Phrases,Idiomatic expressions,Easy,MCQ,FALSE,
Q_3_75,"Fill in the blank with the most appropriate preposition: 'He was warned __________ the impending danger, yet he ch",NDA,GAT,Grammar,Grammar,Prepositions,Fixed Prepositions,Easy,MCQ,FALSE,
Q_3_76,Which word is correctly spelled?,NDA,GAT,Grammar,Spellings,Correct Spelling,Commonly Misspelled Words,Medium,MCQ,FALSE,
Q_3_77,Select the option that best expresses the meaning of the given sentence in Passive Voice: 'The mason is building t,NDA,GAT,Grammar,Grammar,Voice,Active and Passive Voice,Easy,MCQ,FALSE,
Q_3_78,Select the correct option for the following assertion and reason: Assertion (A): Learning a language requires con,NDA,GAT,Verbal Reasoning,Verbal Reasoning,"Statement-Assumption, Inference",Assertion-Reason,Medium,MCQ,FALSE,
Q_3_79,Choose the word closest in meaning (Synonym) to 'EPHEMERAL'.,NDA,GAT,Vocabulary,Vocabulary,Synonyms,Word Meaning,Medium,MCQ,FALSE,
Q_3_80,Choose the segment that contains a grammatical error: (A) Neither the principal / (B) nor the teachers / (C) were,NDA,GAT,Grammar,Grammar,Error Detection,Prepositions / Correlative Conjunctions,Medium,MCQ,FALSE,
Q_3_81,Select the synonym for the word 'ENIGMATIC':,NDA,GAT,Vocabulary,Vocabulary,Synonyms,Word Meaning,Easy,MCQ,FALSE,
Q_3_82,Fill in the blank: The investigation into the embezzlement case remained _______ because of the lack of concrete evi,NDA,GAT,Vocabulary,Fill in the Blanks,Contextual Vocabulary,Word Choice,Medium,MCQ,FALSE,
Q_3_83,Identify the correctly punctuated sentence:,NDA,GAT,Grammar,Grammar,Punctuation,Direct Speech Punctuation,Easy,MCQ,FALSE,
Q_3_84,"Rearrange the jumbled parts (P, Q, R, S) to form a coherent sentence: (P) in the forest, (Q) the tiger prowled, (R",NDA,GAT,Verbal Ability,Sentence Completion,Ordering of Sentences,Sentence Arrangement,Easy,MCQ,FALSE,
Q_3_85,Choose the most appropriate word to replace the underlined part: 'He has been living here since ten years.',NDA,GAT,Grammar,Sentence Completion,Sentence Improvement,Prepositions (Since/For),Easy,MCQ,FALSE,
Q_3_86,Select the antonym for 'PRUDENT':,NDA,GAT,Vocabulary,Vocabulary,Antonyms,Word Meaning,Easy,MCQ,FALSE,
Q_3_87,Which of the following sentences uses the passive voice correctly?,NDA,GAT,Grammar,Grammar,Voice,Active and Passive Voice,Easy,MCQ,FALSE,
Q_3_88,Select the correctly spelled word:,NDA,GAT,Grammar,Spellings,Correct Spelling,Commonly Misspelled Words,Easy,MCQ,FALSE,
Q_3_89,"Analyze the statement: 'Despite of his hard work, he failed.' Choose the improvement.",NDA,GAT,Grammar,Sentence Completion,Sentence Improvement,Prepositions / Conjunctions,Easy,MCQ,FALSE,
Q_3_90,Spotting Errors: Choose the segment with the error. 'The committee (0) / have been divided (1) / on the issue of (,NDA,GAT,Grammar,Grammar,Error Detection,Subject-Verb Agreement / Collective Nouns,Hard,MCQ,FALSE,
Q_3_91,Sentence Improvement: 'Hardly had he stepped out of the house than it started to rain.',NDA,GAT,Grammar,Sentence Completion,Sentence Improvement,Correlative Conjunctions,Easy,MCQ,FALSE,
Q_3_92,Synonyms: Choose the word most similar in meaning to 'OBFUSCATE'.,NDA,GAT,Vocabulary,Vocabulary,Synonyms,Word Meaning,Medium,MCQ,FALSE,
Q_3_93,Antonyms: Choose the word most opposite in meaning to 'PRAGMATIC'.,NDA,GAT,Vocabulary,Vocabulary,Antonyms,Word Meaning,Easy,MCQ,FALSE,
Q_3_94,Ordering of Sentences: S1: The history of humanity is a record of struggles. P: It has been marked by wars and pea,NDA,GAT,Verbal Ability,Sentence Completion,Ordering of Sentences,Jumbled Paragraph / Sentence Arrangement,Medium,MCQ,FALSE,
Q_3_95,Fill in the Blanks: 'The leader's speech was so ______ that even his staunchest critics were moved to applause.',NDA,GAT,Vocabulary,Fill in the Blanks,Contextual Vocabulary,Word Choice,Easy,MCQ,FALSE,
Q_3_96,Vocabulary/Cloze Test: Identify the correct word to fill the blank: 'The sudden ____ of the market took the inve,NDA,GAT,Vocabulary,Fill in the Blanks,Contextual Vocabulary,Word Choice,Easy,MCQ,FALSE,
Q_3_97,Assertion-Reason: A: The English language is considered a global lingua franca. R: It facilitates international t,NDA,GAT,Verbal Reasoning,Verbal Reasoning,"Statement-Assumption, Inference",Assertion-Reason,Medium,MCQ,FALSE,
Q_3_98,Idioms: What is the meaning of the idiom 'To burn the midnight oil'?,NDA,GAT,Vocabulary,Vocabulary,Idioms & Phrases,Idiomatic expressions,Easy,MCQ,FALSE,
Q_3_99,Comprehensive Grammar: Select the sentence that is grammatically correct.,NDA,GAT,Grammar,Grammar,Error Detection,Subject-Verb Agreement / Pronoun Agreement,Medium,MCQ,FALSE,
Q_3_100,Choose the segment that contains a grammatical error: 'Hardly had he stepped out of the house (0) when a violent,NDA,GAT,Grammar,Error Detection,Sentence Structure,Inversion and Conjunctions,Medium,MCQ,FALSE,
Q_3_101,"Select the most appropriate option to improve the underlined part: 'If I was you, I would not accept such a con",NDA,GAT,Grammar,Sentence Improvement,Conditionals,Subjunctive Mood,Easy,MCQ,FALSE,
Q_3_102,Select the synonym of the word: 'QUERULOUS',NDA,GAT,Vocabulary,Synonyms,Word Meanings,,Medium,MCQ,FALSE,
Q_3_103,Select the antonym of the word: 'EPHEMERAL',NDA,GAT,Vocabulary,Antonyms,Word Meanings,,Medium,MCQ,FALSE,
Q_3_104,Fill in the blank with the most suitable preposition: 'The committee has finally decided to dispense ______ the,NDA,GAT,Grammar,Fill in the Blanks,Prepositions,Phrasal Verbs,Easy,MCQ,FALSE,
Q_3_105,Choose the correctly ordered sequence to form a coherent paragraph: (S1) The digital revolution has fundamenta,NDA,GAT,Verbal Ability,Sentence Ordering,Paragraph Formation,Coherent Paragraph,Medium,MCQ,FALSE,
Q_3_106,Assertion (A): The use of the passive voice is often discouraged in professional writing. Reason (R): Passive v,NDA,GAT,Grammar,Grammar,Voice,Passive Voice Usage,Medium,MCQ,FALSE,
Q_3_107,Identify the meaning of the idiom: 'To look a gift horse in the mouth.',NDA,GAT,Vocabulary,Idioms & Phrases,Idiomatic Expressions,,Easy,MCQ,FALSE,
Q_3_108,Choose the sentence that is grammatically correct:,NDA,GAT,Grammar,Error Detection,Subject-Verb Agreement,Indefinite Pronouns,Medium,MCQ,FALSE,
Q_3_109,Which of the following sentences uses a 'dangling participle'?,NDA,GAT,Grammar,Grammar,Participles,Dangling Modifiers,Medium,MCQ,FALSE,
Q_3_110,Choose the segment that contains a grammatical error: (A) Neither the principal nor the teachers / (B) were aw,NDA,GAT,Grammar,Error Detection,Subject-Verb Agreement,Correlative Conjunctions,Easy,MCQ,FALSE,
Q_3_111,Which of the following phrases best improves the underlined part: 'He is one of the most intelligent students t,NDA,GAT,Grammar,Sentence Improvement,Relative Pronouns,One of the construction,Medium,MCQ,FALSE,
Q_3_112,Select the synonym of the word: 'INTRINSIC',NDA,GAT,Vocabulary,Synonyms,Word Meanings,,Easy,MCQ,FALSE,
Q_3_113,Select the antonym of the word: 'FLAMBOYANT',NDA,GAT,Vocabulary,Antonyms,Word Meanings,,Medium,MCQ,FALSE,
Q_3_114,Fill in the blank with the most appropriate word: 'The government has decided to ________ the new tax policy af,NDA,GAT,Vocabulary,Fill in the Blanks,Contextual Vocabulary,,Medium,MCQ,FALSE,
Q_3_115,Arrange the sentences to form a coherent paragraph: (P) It is a matter of great pride (Q) to serve the nation ,NDA,GAT,Verbal Ability,Sentence Ordering,Paragraph Formation,Jumbled Sentences,Easy,MCQ,FALSE,
Q_3_116,Assertion (A): English is considered a global lingua franca. Reason (R): It serves as the primary language of,NDA,GAT,Verbal Ability,Grammar,Language Characteristics,Global Lingua Franca,Easy,MCQ,FALSE,
Q_3_117,Identify the part of speech of the word 'fast' in the following sentences: 1. He is a fast runner. 2. He is fa,NDA,GAT,Grammar,Grammar,Parts of Speech,Word Forms,Easy,MCQ,FALSE,
Q_3_118,Choose the correctly spelled word.,NDA,GAT,Vocabulary,Spellings,Correct Spelling,,Easy,MCQ,FALSE,
Q_3_119,Which idiom best describes: 'To hit the nail on the head'?,NDA,GAT,Vocabulary,Idioms & Phrases,Idiomatic Expressions,,Easy,MCQ,FALSE,
Q_4_0,The power of a convex lens is +2.0 D. What is its focal length?,NDA,GAT,General Science,Physics,Optics,Lenses and Power,Easy,MCQ,FALSE,
Q_4_1,Under which Article of the Indian Constitution can a National Emergency be declared?,NDA,GAT,Polity,Constitution of India,Emergency Provisions,National Emergency,Easy,MCQ,FALSE,
Q_4_2,Which of the following mountain passes connects Srinagar to Leh?,NDA,GAT,Geography,Indian Geography,Mountain Passes,Himalayan Passes,Medium,MCQ,FALSE,
Q_4_3,The Battle of Wandiwash (1760) was fought between which two powers?,NDA,GAT,History,Modern India,Anglo-French Wars,Battle of Wandiwash,Easy,MCQ,FALSE,
Q_4_4,What is the chemical formula of Plaster of Paris?,NDA,GAT,General Science,Chemistry,Important Compounds,Plaster of Paris,Easy,MCQ,FALSE,
Q_4_5,The blue color of the sky is primarily due to which optical phenomenon?,NDA,GAT,General Science,Physics,Optics,Scattering of Light,Easy,MCQ,FALSE,
Q_4_6,The working principle of a rocket propulsion system is based on which law?,NDA,GAT,General Science,Physics,Mechanics,Newton's Laws of Motion,Easy,MCQ,FALSE,
Q_4_7,Which chemical salt is used to remove permanent hardness of water?,NDA,GAT,General Science,Chemistry,Water Chemistry,Hardness of Water,Medium,MCQ,FALSE,
Q_4_8,The Anti-Defection provisions are contained in which Schedule of the Indian Constitution?,NDA,GAT,Polity,Constitution of India,Schedules of Indian Constitution,Anti-Defection Law,Easy,MCQ,FALSE,
Q_4_9,Which cell organelle is known as the 'powerhouse' of the cell?,NDA,GAT,General Science,Biology,Cell Biology,Cell Organelles,Easy,MCQ,FALSE,
Q_4_10,What is the primary site of protein synthesis inside a cell?,NDA,GAT,Science,Biology,Cell Biology,Cell Organelles,Easy,MCQ,FALSE,
Q_4_11,The Saptanga Theory of State (Seven Limbs) was proposed in Kautilya's:,NDA,GAT,History,Ancient India,Mauryan Empire,Kautilya's Arthashastra,Medium,MCQ,FALSE,
Q_4_12,"In which year did Mahatma Gandhi lead the Champaran Satyagraha, his first in India?",NDA,GAT,History,Modern India,Indian Independence Movement,Gandhian Era,Easy,MCQ,FALSE,
Q_4_13,Which of the following activities falls under the primary sector of an economy?,NDA,GAT,Economics,Basic Economic Concepts,Sectors of Economy,Primary Sector,Easy,MCQ,FALSE,
Q_4_14,Which of the following ocean currents is a warm current in the Atlantic Ocean?,NDA,GAT,Geography,World Geography,Oceanography,Ocean Currents,Medium,MCQ,FALSE,
Q_4_15,The power of a convex lens is +2.0 D. What is its focal length?,NDA,GAT,Science,Physics,Optics,Lenses (Power and Focal Length),Easy,MCQ,FALSE,
Q_4_16,Under which Article of the Indian Constitution can a National Emergency be declared?,NDA,GAT,Polity,Constitution of India,Emergency Provisions,National Emergency,Easy,MCQ,FALSE,
Q_4_17,Which of the following mountain passes connects Srinagar to Leh?,NDA,GAT,Geography,Indian Geography,Physiography of India,Mountain Passes,Medium,MCQ,FALSE,
Q_4_18,The Battle of Wandiwash (1760) was fought between which two powers?,NDA,GAT,History,Modern India,British Period,Carnatic Wars,Medium,MCQ,FALSE,
Q_4_19,What is the chemical formula of Plaster of Paris?,NDA,GAT,Science,Chemistry,Chemical Compounds and Formulas,Common Chemicals,Easy,MCQ,FALSE,
Q_4_20,The blue color of the sky is primarily due to which optical phenomenon?,NDA,GAT,Science,Physics,Optics,Scattering of Light,Easy,MCQ,FALSE,
Q_4_21,The working principle of a rocket propulsion system is based on which law?,NDA,GAT,Science,Physics,Mechanics,Newton's Laws of Motion,Easy,MCQ,FALSE,
Q_4_22,Which chemical salt is used to remove permanent hardness of water?,NDA,GAT,Science,Chemistry,Water,Hardness of Water,Medium,MCQ,FALSE,
Q_4_23,The Anti-Defection provisions are contained in which Schedule of the Indian Constitution?,NDA,GAT,Polity,Constitution of India,Schedules of Indian Constitution,Tenth Schedule,Easy,MCQ,FALSE,
Q_4_24,Which cell organelle is known as the 'powerhouse' of the cell?,NDA,GAT,Science,Biology,Cell Biology,Cell Organelles,Easy,MCQ,FALSE,
Q_4_25,What is the primary site of protein synthesis inside a cell?,NDA,GAT,Science,Biology,Cell Biology,Cell Organelles,Easy,MCQ,FALSE,
Q_4_26,The Saptanga Theory of State (Seven Limbs) was proposed in Kautilya's:,NDA,GAT,History,Ancient India,Mauryan Empire,Kautilya's Arthashastra,Medium,MCQ,FALSE,
Q_4_27,"In which year did Mahatma Gandhi lead the Champaran Satyagraha, his first in India?",NDA,GAT,History,Modern India,Indian Independence Movement,Gandhian Era,Easy,MCQ,FALSE,
Q_4_28,Which of the following activities falls under the primary sector of an economy?,NDA,GAT,Economics,Basic Economic Concepts,Sectors of Economy,Primary Sector,Easy,MCQ,FALSE,
Q_4_29,Which of the following ocean currents is a warm current in the Atlantic Ocean?,NDA,GAT,Geography,World Geography,Oceanography,Ocean Currents,Medium,MCQ,FALSE,
Q_4_30,The power of a convex lens is +2.0 D. What is its focal length?,NDA,GAT,Science,Physics,Optics,Lenses (Power and Focal Length),Easy,MCQ,FALSE,
Q_4_31,Under which Article of the Indian Constitution can a National Emergency be declared?,NDA,GAT,Polity,Constitution of India,Emergency Provisions,National Emergency,Easy,MCQ,FALSE,
Q_4_32,Which of the following mountain passes connects Srinagar to Leh?,NDA,GAT,Geography,Indian Geography,Physiography of India,Mountain Passes,Medium,MCQ,FALSE,
Q_4_33,The Battle of Wandiwash (1760) was fought between which two powers?,NDA,GAT,History,Modern India,British Period,Carnatic Wars,Medium,MCQ,FALSE,
Q_4_34,What is the chemical formula of Plaster of Paris?,NDA,GAT,Science,Chemistry,Chemical Compounds and Formulas,Common Chemicals,Easy,MCQ,FALSE,
Q_4_35,The blue color of the sky is primarily due to which optical phenomenon?,NDA,GAT,Science,Physics,Optics,Scattering of Light,Easy,MCQ,FALSE,
Q_4_36,The working principle of a rocket propulsion system is based on which law?,NDA,GAT,Science,Physics,Mechanics,Newton's Laws of Motion,Easy,MCQ,FALSE,
Q_4_37,Which chemical salt is used to remove permanent hardness of water?,NDA,GAT,Science,Chemistry,Water,Hardness of Water,Medium,MCQ,FALSE,
Q_4_38,The Anti-Defection provisions are contained in which Schedule of the Indian Constitution?,NDA,GAT,Polity,Constitution of India,Schedules of Indian Constitution,Tenth Schedule,Easy,MCQ,FALSE,
Q_4_39,Which cell organelle is known as the 'powerhouse' of the cell?,NDA,GAT,Science,Biology,Cell Biology,Cell Organelles,Easy,MCQ,FALSE,
Q_4_40,What is the primary site of protein synthesis inside a cell?,NDA,GAT,Science,Biology,Cell Biology,Cell Organelles,Easy,MCQ,FALSE,
Q_4_41,The Saptanga Theory of State (Seven Limbs) was proposed in Kautilya's:,NDA,GAT,History,Ancient India,Ancient Indian Political Thought,Kautilya's Arthashastra,Easy,MCQ,FALSE,
Q_4_42,"In which year did Mahatma Gandhi lead the Champaran Satyagraha, his first in India?",NDA,GAT,History,Modern India,Independence Movement,Gandhian Era,Easy,MCQ,FALSE,
Q_4_43,Which of the following activities falls under the primary sector of an economy?,NDA,GAT,Economics,Basic Economic Concepts,Sectors of Economy,Primary Sector,Easy,MCQ,FALSE,
Q_4_44,Which of the following ocean currents is a warm current in the Atlantic Ocean?,NDA,GAT,Geography,World Geography,Oceanography,Ocean Currents,Medium,MCQ,FALSE,
Q_4_45,The power of a convex lens is +2.0 D. What is its focal length?,NDA,GAT,Science,Physics,Optics,Lenses & Focal Length,Easy,MCQ,FALSE,
Q_4_46,Under which Article of the Indian Constitution can a National Emergency be declared?,NDA,GAT,Polity,Constitution of India,Emergency Provisions,National Emergency,Easy,MCQ,FALSE,
Q_4_47,Which of the following mountain passes connects Srinagar to Leh?,NDA,GAT,Geography,Indian Geography,Physical Features of India,Mountain Passes,Medium,MCQ,FALSE,
Q_4_48,The Battle of Wandiwash (1760) was fought between which two powers?,NDA,GAT,History,Modern India,European Powers in India,Anglo-French Wars (Carnatic Wars),Easy,MCQ,FALSE,
Q_4_49,What is the chemical formula of Plaster of Paris?,NDA,GAT,Science,Chemistry,Important Chemical Compounds,Everyday Chemicals,Easy,MCQ,FALSE,
Q_4_50,The blue color of the sky is primarily due to which optical phenomenon?,NDA,GAT,Science,Physics,Optics,Scattering of Light,Easy,MCQ,FALSE,
Q_4_51,The working principle of a rocket propulsion system is based on which law?,NDA,GAT,Science,Physics,Laws of Motion,Newton's Third Law,Easy,MCQ,FALSE,
Q_4_52,Which chemical salt is used to remove permanent hardness of water?,NDA,GAT,Science,Chemistry,Water & Its Properties,Hardness of Water,Medium,MCQ,FALSE,
Q_4_53,The Anti-Defection provisions are contained in which Schedule of the Indian Constitution?,NDA,GAT,Polity,Constitution of India,Schedules of Indian Constitution,Anti-Defection Law (Tenth Schedule),Easy,MCQ,FALSE,
Q_4_54,Which cell organelle is known as the 'powerhouse' of the cell?,NDA,GAT,Science,Biology,Cell Biology,Cell Organelles,Easy,MCQ,FALSE,
Q_4_55,What is the primary site of protein synthesis inside a cell?,NDA,GAT,Science,Biology,Cell Biology,Cell Organelles,Easy,MCQ,FALSE,
Q_4_56,The Saptanga Theory of State (Seven Limbs) was proposed in Kautilya's:,NDA,GAT,History,Ancient India,Ancient Indian Political Thought,Kautilya's Arthashastra,Easy,MCQ,FALSE,
Q_4_57,"In which year did Mahatma Gandhi lead the Champaran Satyagraha, his first in India?",NDA,GAT,History,Modern India,Independence Movement,Gandhian Era,Easy,MCQ,FALSE,
Q_4_58,Which of the following activities falls under the primary sector of an economy?,NDA,GAT,Economics,Basic Economic Concepts,Sectors of Economy,Primary Sector,Easy,MCQ,FALSE,
Q_4_59,Which of the following ocean currents is a warm current in the Atlantic Ocean?,NDA,GAT,Geography,World Geography,Oceanography,Ocean Currents,Medium,MCQ,FALSE,
Q_4_60,The power of a convex lens is +2.0 D. What is its focal length?,NDA,GAT,Science,Physics,Optics,Lenses & Focal Length,Easy,MCQ,FALSE,
Q_4_61,Under which Article of the Indian Constitution can a National Emergency be declared?,NDA,GAT,Polity,Constitution of India,Emergency Provisions,National Emergency,Easy,MCQ,FALSE,
Q_4_62,Which of the following mountain passes connects Srinagar to Leh?,NDA,GAT,Geography,Indian Geography,Physical Features of India,Mountain Passes,Medium,MCQ,FALSE,
Q_4_63,The Battle of Wandiwash (1760) was fought between which two powers?,NDA,GAT,History,Modern India,European Powers in India,Anglo-French Wars (Carnatic Wars),Easy,MCQ,FALSE,
Q_4_64,What is the chemical formula of Plaster of Paris?,NDA,GAT,Science,Chemistry,Important Chemical Compounds,Everyday Chemicals,Easy,MCQ,FALSE,
Q_4_65,The blue color of the sky is primarily due to which optical phenomenon?,NDA,GAT,Science,Physics,Optics,Scattering of Light,Easy,MCQ,FALSE,
Q_4_66,The working principle of a rocket propulsion system is based on which law?,NDA,GAT,Science,Physics,Laws of Motion,Newton's Third Law,Easy,MCQ,FALSE,
Q_4_67,Which chemical salt is used to remove permanent hardness of water?,NDA,GAT,Science,Chemistry,Water & Its Properties,Hardness of Water,Medium,MCQ,FALSE,
Q_4_68,The Anti-Defection provisions are contained in which Schedule of the Indian Constitution?,NDA,GAT,Polity,Constitution of India,Schedules of Indian Constitution,Anti-Defection Law (Tenth Schedule),Easy,MCQ,FALSE,
Q_4_69,Which cell organelle is known as the 'powerhouse' of the cell?,NDA,GAT,Science,Biology,Cell Biology,Cell Organelles,Easy,MCQ,FALSE,
Q_4_70,What is the primary site of protein synthesis inside a cell?,NDA,GAT,Science,Biology,Life Processes,Cell Organelles,Easy,MCQ,FALSE,
Q_4_71,The Saptanga Theory of State (Seven Limbs) was proposed in Kautilya's:,NDA,GAT,History,Ancient India,Maurya Empire,Kautilya's Arthashastra,Easy,MCQ,FALSE,
Q_4_72,"In which year did Mahatma Gandhi lead the Champaran Satyagraha, his first in India?",NDA,GAT,History,Modern India,Independence Movement,Gandhian Era,Easy,MCQ,FALSE,
Q_4_73,Which of the following activities falls under the primary sector of an economy?,NDA,GAT,Economics,Basic Economic Concepts,Sectors of Economy,Primary Sector,Easy,MCQ,FALSE,
Q_4_74,Which of the following ocean currents is a warm current in the Atlantic Ocean?,NDA,GAT,Geography,World Geography,"Oceans, Currents & Climate",Atlantic Ocean Currents,Medium,MCQ,FALSE,
Q_4_75,The power of a convex lens is +2.0 D. What is its focal length?,NDA,GAT,Science,Physics,Light,Lenses & Optics,Easy,MCQ,FALSE,
Q_4_76,Under which Article of the Indian Constitution can a National Emergency be declared?,NDA,GAT,Polity,Constitution of India,Emergency Provisions,National Emergency,Easy,MCQ,FALSE,
Q_4_77,Which of the following mountain passes connects Srinagar to Leh?,NDA,GAT,Geography,Indian Geography,Physical Geography,Himalayan Passes,Medium,MCQ,FALSE,
Q_4_78,The Battle of Wandiwash (1760) was fought between which two powers?,NDA,GAT,History,Modern India,British Period,Carnatic Wars,Medium,MCQ,FALSE,
Q_4_79,What is the chemical formula of Plaster of Paris?,NDA,GAT,Science,Chemistry,Matter,Common Chemical Compounds,Easy,MCQ,FALSE,
Q_4_80,The blue color of the sky is primarily due to which optical phenomenon?,NDA,GAT,Science,Physics,Light,Scattering of Light,Easy,MCQ,FALSE,
Q_4_81,The working principle of a rocket propulsion system is based on which law?,NDA,GAT,Science,Physics,"Motion, Force, Energy",Newton's Laws of Motion,Easy,MCQ,FALSE,
Q_4_82,Which chemical salt is used to remove permanent hardness of water?,NDA,GAT,Science,Chemistry,Water,Water Hardness,Medium,MCQ,FALSE,
Q_4_83,The Anti-Defection provisions are contained in which Schedule of the Indian Constitution?,NDA,GAT,Polity,Constitution of India,Schedules of Indian Constitution,Tenth Schedule,Easy,MCQ,FALSE,
Q_4_84,Which cell organelle is known as the 'powerhouse' of the cell?,NDA,GAT,Science,Biology,Life Processes,Cell Organelles,Easy,MCQ,FALSE,
Q_4_85,What is the primary site of protein synthesis inside a cell?,NDA,GAT,Science,Biology,Life Processes,Cell Organelles,Easy,MCQ,FALSE,
Q_4_86,The Saptanga Theory of State (Seven Limbs) was proposed in Kautilya's:,NDA,GAT,History,Ancient India,Maurya Empire,Kautilya's Arthashastra,Easy,MCQ,FALSE,
Q_4_87,"In which year did Mahatma Gandhi lead the Champaran Satyagraha, his first in India?",NDA,GAT,History,Modern India,Independence Movement,Gandhian Era,Easy,MCQ,FALSE,
Q_4_88,Which of the following activities falls under the primary sector of an economy?,NDA,GAT,Economics,Basic Economic Concepts,Sectors of Economy,Primary Sector,Easy,MCQ,FALSE,
Q_4_89,Which of the following ocean currents is a warm current in the Atlantic Ocean?,NDA,GAT,Geography,World Geography,"Oceans, Currents & Climate",Atlantic Ocean Currents,Medium,MCQ,FALSE,
Q_4_90,The power of a convex lens is +2.0 D. What is its focal length?,NDA,GAT,Science,Physics,Light,Lenses & Optics,Easy,MCQ,FALSE,
Q_4_91,Under which Article of the Indian Constitution can a National Emergency be declared?,NDA,GAT,Polity,Constitution of India,Emergency Provisions,National Emergency,Easy,MCQ,FALSE,
Q_4_92,Which of the following mountain passes connects Srinagar to Leh?,NDA,GAT,Geography,Indian Geography,Physical Geography,Himalayan Passes,Medium,MCQ,FALSE,
Q_4_93,The Battle of Wandiwash (1760) was fought between which two powers?,NDA,GAT,History,Modern India,British Period,Carnatic Wars,Medium,MCQ,FALSE,
Q_4_94,What is the chemical formula of Plaster of Paris?,NDA,GAT,Science,Chemistry,Matter,Common Chemical Compounds,Easy,MCQ,FALSE,
Q_4_95,The blue color of the sky is primarily due to which optical phenomenon?,NDA,GAT,Science,Physics,Light,Scattering of Light,Easy,MCQ,FALSE,
Q_4_96,The working principle of a rocket propulsion system is based on which law?,NDA,GAT,Science,Physics,"Motion, Force, Energy",Newton's Laws of Motion,Easy,MCQ,FALSE,
Q_4_97,Which chemical salt is used to remove permanent hardness of water?,NDA,GAT,Science,Chemistry,Water,Water Hardness,Medium,MCQ,FALSE,
Q_4_98,The Anti-Defection provisions are contained in which Schedule of the Indian Constitution?,NDA,GAT,Polity,Constitution of India,Schedules of Indian Constitution,Tenth Schedule,Easy,MCQ,FALSE,
Q_4_99,Which cell organelle is known as the 'powerhouse' of the cell?,NDA,GAT,Science,Biology,Life Processes,Cell Organelles,Easy,MCQ,FALSE,
Q_4_100,What is the primary site of protein synthesis inside a cell?,NDA,GAT,Science,Biology,Cell Biology,Cell Organelles,Easy,MCQ,FALSE,
Q_4_101,The Saptanga Theory of State (Seven Limbs) was proposed in Kautilya's:,NDA,GAT,History,Ancient India,Mauryan Period,Kautilya's Arthashastra,Medium,MCQ,FALSE,
Q_4_102,"In which year did Mahatma Gandhi lead the Champaran Satyagraha, his first in India?",NDA,GAT,History,Modern India,Independence Movement,Gandhian Era,Easy,MCQ,FALSE,
Q_4_103,Which of the following activities falls under the primary sector of an economy?,NDA,GAT,Economics,Basic Economic Concepts,Sectors of Economy,Primary Sector,Easy,MCQ,FALSE,
Q_4_104,Which of the following ocean currents is a warm current in the Atlantic Ocean?,NDA,GAT,Geography,World Geography,Oceanography,Ocean Currents,Medium,MCQ,FALSE,
Q_4_105,The power of a convex lens is +2.0 D. What is its focal length?,NDA,GAT,Science,Physics,Optics,Lenses and Power,Easy,MCQ,FALSE,
Q_4_106,Under which Article of the Indian Constitution can a National Emergency be declared?,NDA,GAT,Polity,Constitution of India,Emergency Provisions,National Emergency,Easy,MCQ,FALSE,
Q_4_107,Which of the following mountain passes connects Srinagar to Leh?,NDA,GAT,Geography,Indian Geography,Physical Features of India,Mountain Passes,Medium,MCQ,FALSE,
Q_4_108,The Battle of Wandiwash (1760) was fought between which two powers?,NDA,GAT,History,Modern India,British Period,Anglo-French Wars (Carnatic Wars),Medium,MCQ,FALSE,
Q_4_109,What is the chemical formula of Plaster of Paris?,NDA,GAT,Science,Chemistry,Compounds and Formulas,Important Chemical Compounds,Easy,MCQ,FALSE,
Q_4_110,The blue color of the sky is primarily due to which optical phenomenon?,NDA,GAT,Science,Physics,Optics,Atmospheric Optics / Scattering,Easy,MCQ,FALSE,
Q_4_111,The working principle of a rocket propulsion system is based on which law?,NDA,GAT,Science,Physics,Mechanics,Newton's Laws of Motion,Easy,MCQ,FALSE,
Q_4_112,Which chemical salt is used to remove permanent hardness of water?,NDA,GAT,Science,Chemistry,Water and its properties,Hardness of Water,Medium,MCQ,FALSE,
Q_4_113,The Anti-Defection provisions are contained in which Schedule of the Indian Constitution?,NDA,GAT,Polity,Constitution of India,Schedules of Indian Constitution,Tenth Schedule,Medium,MCQ,FALSE,
Q_4_114,Which cell organelle is known as the 'powerhouse' of the cell?,NDA,GAT,Science,Biology,Cell Biology,Cell Organelles,Easy,MCQ,FALSE,
Q_4_115,What is the primary site of protein synthesis inside a cell?,NDA,GAT,Science,Biology,Cell Biology,Cell Organelles,Easy,MCQ,FALSE,
Q_4_116,The Saptanga Theory of State (Seven Limbs) was proposed in Kautilya's:,NDA,GAT,History,Ancient India,Mauryan Period,Kautilya's Arthashastra,Medium,MCQ,FALSE,
Q_4_117,"In which year did Mahatma Gandhi lead the Champaran Satyagraha, his first in India?",NDA,GAT,History,Modern India,Independence Movement,Gandhian Era,Easy,MCQ,FALSE,
Q_4_118,Which of the following activities falls under the primary sector of an economy?,NDA,GAT,Economics,Basic Economic Concepts,Sectors of Economy,Primary Sector,Easy,MCQ,FALSE,
Q_4_119,Which of the following ocean currents is a warm current in the Atlantic Ocean?,NDA,GAT,Geography,World Geography,Oceanography,Ocean Currents,Medium,MCQ,FALSE,
Q_5_0,What is the approximate value of escape velocity from the surface of the Earth?,NDA,GAT,Science,Physics,Gravitation,Escape Velocity,Easy,MCQ,FALSE,
Q_5_1,What is the normal lapse rate of temperature in the troposphere layer?,NDA,GAT,Geography,Physical Geography,Atmosphere and Climate,"Troposphere, Lapse Rate",Medium,MCQ,FALSE,
Q_5_2,Which of the following rivers originates near the Mahabaleshwar hills in Maharashtra?,NDA,GAT,Geography,Indian Geography,River Systems of India,Peninsular Rivers,Medium,MCQ,FALSE,
Q_5_3,The first Buddhist Council was held at which of the following venues?,NDA,GAT,History,Ancient India,Buddhism,Buddhist Councils,Easy,MCQ,FALSE,
Q_5_4,What is the pH value of a neutral solution like pure water at 298 K?,NDA,GAT,Science,Chemistry,"Acids, Bases, and Salts",pH Scale,Easy,MCQ,FALSE,
Q_5_5,What is the chemical name of Baking Soda?,NDA,GAT,Science,Chemistry,Compounds and Formulas,Common Chemical Names,Easy,MCQ,FALSE,
Q_5_6,A person with blood group O-negative is a universal donor because their blood lacks:,NDA,GAT,Science,Biology,Human Physiology,Blood Groups,Medium,MCQ,FALSE,
Q_5_7,Which of the following endocrine glands is referred to as the 'Master Gland' of the human body?,NDA,GAT,Science,Biology,Human Physiology,Endocrine System,Easy,MCQ,FALSE,
Q_5_8,Which Article of the Indian Constitution contains the Right to Constitutional Remedies?,NDA,GAT,Polity,Constitution of India,Fundamental Rights,Right to Constitutional Remedies,Easy,MCQ,FALSE,
Q_5_9,The Harrod-Domar economic growth model formed the basis of which Five Year Plan of India?,NDA,GAT,Economics,National Income & Growth,Economic Planning in India,Five Year Plans,Medium,MCQ,FALSE,
Q_5_40,From which country's constitution did India borrow the Directive Principles of State Policy (DPSP)?,NDA,GAT,Polity,Constitution of India,Sources of Indian Constitution,Directive Principles of State Policy (DPSP),Easy,MCQ,FALSE,
Q_5_41,"Which of the following is a statutory, non-constitutional body in India?",NDA,GAT,Polity,Constitutional and Non-Constitutional Bodies,Statutory Bodies,NITI Aayog,Medium,MCQ,FALSE,
Q_5_42,"Using the mnemonic 'TEARS OF OLD PM' to remember the 12 Schedules, what does the 8th Schedul",NDA,GAT,Polity,Constitution of India,Schedules of Indian Constitution,Eighth Schedule,Easy,MCQ,FALSE,
Q_5_43,What were the primary methods of the moderate faction of the Indian National Congress (1885-1905)?,NDA,GAT,History,Modern India,Indian National Congress,Moderate Phase (1885-1905),Easy,MCQ,FALSE,
Q_5_44,What is the causative pathogen of Malaria and its vector?,NDA,GAT,Science,Biology,Human Diseases,Communicable Diseases (Malaria),Easy,MCQ,FALSE,
Q_5_45,What is the approximate value of escape velocity from the surface of the Earth?,NDA,GAT,Science,Physics,Gravitation,Escape Velocity,Easy,MCQ,FALSE,
Q_5_46,What is the normal lapse rate of temperature in the troposphere layer?,NDA,GAT,Geography,Physical Geography,Atmosphere and Climate,Layers of Atmosphere (Troposphere),Easy,MCQ,FALSE,
Q_5_47,Which of the following rivers originates near the Mahabaleshwar hills in Maharashtra?,NDA,GAT,Geography,Indian Geography,River Systems of India,Peninsular Rivers,Easy,MCQ,FALSE,
Q_5_48,The first Buddhist Council was held at which of the following venues?,NDA,GAT,History,Ancient India,Buddhism,Buddhist Councils,Easy,MCQ,FALSE,
Q_5_49,What is the pH value of a neutral solution like pure water at 298 K?,NDA,GAT,Science,Chemistry,"Acids, Bases, and Salts",pH Scale,Easy,MCQ,FALSE,
Q_5_50,What is the chemical name of Baking Soda?,NDA,GAT,Science,Chemistry,Common Chemicals and their Names,Everyday Chemicals,Easy,MCQ,FALSE,
Q_5_51,A person with blood group O-negative is a universal donor because their blood lacks:,NDA,GAT,Science,Biology,Human Physiology,Blood and Circulatory System (Blood Groups),Medium,MCQ,FALSE,
Q_5_52,Which of the following endocrine glands is referred to as the 'Master Gland' of the human bod,NDA,GAT,Science,Biology,Human Physiology,Endocrine System (Glands),Easy,MCQ,FALSE,
Q_5_53,Which Article of the Indian Constitution contains the Right to Constitutional Remedies?,NDA,GAT,Polity,Constitution of India,Fundamental Rights,Right to Constitutional Remedies (Article 32),Easy,MCQ,FALSE,
Q_5_54,The Harrod-Domar economic growth model formed the basis of which Five Year Plan of India?,NDA,GAT,Economics,National Income & Growth,Economic Planning in India,Five Year Plans,Medium,MCQ,FALSE,
Q_5_55,From which country's constitution did India borrow the Directive Principles of State Policy (DPSP)?,NDA,GAT,Polity,Constitution of India,Sources of Indian Constitution,Directive Principles of State Policy (DPSP),Easy,MCQ,FALSE,
Q_5_56,"Which of the following is a statutory, non-constitutional body in India?",NDA,GAT,Polity,Constitutional and Non-Constitutional Bodies,Statutory Bodies,NITI Aayog,Medium,MCQ,FALSE,
Q_5_57,"Using the mnemonic 'TEARS OF OLD PM' to remember the 12 Schedules, what does the 8th Schedul",NDA,GAT,Polity,Constitution of India,Schedules of Indian Constitution,Eighth Schedule,Easy,MCQ,FALSE,
Q_5_58,What were the primary methods of the moderate faction of the Indian National Congress (1885-1905)?,NDA,GAT,History,Modern India,Indian National Congress,Moderate Phase (1885-1905),Easy,MCQ,FALSE,
Q_5_59,What is the causative pathogen of Malaria and its vector?,NDA,GAT,Science,Biology,Human Diseases,Communicable Diseases (Malaria),Easy,MCQ,FALSE,
Q_5_60,What is the approximate value of escape velocity from the surface of the Earth?,NDA,GAT,Science,Physics,Gravitation,Escape Velocity,Easy,MCQ,FALSE,
Q_5_61,What is the normal lapse rate of temperature in the troposphere layer?,NDA,GAT,Geography,Physical Geography,Atmosphere and Climate,Layers of Atmosphere (Troposphere),Easy,MCQ,FALSE,
Q_5_62,Which of the following rivers originates near the Mahabaleshwar hills in Maharashtra?,NDA,GAT,Geography,Indian Geography,River Systems of India,Peninsular Rivers,Easy,MCQ,FALSE,
Q_5_63,The first Buddhist Council was held at which of the following venues?,NDA,GAT,History,Ancient India,Buddhism,Buddhist Councils,Easy,MCQ,FALSE,
Q_5_64,What is the pH value of a neutral solution like pure water at 298 K?,NDA,GAT,Science,Chemistry,"Acids, Bases, and Salts",pH Scale,Easy,MCQ,FALSE,
Q_5_65,What is the chemical name of Baking Soda?,NDA,GAT,Science,Chemistry,Common Chemicals and their Names,Everyday Chemicals,Easy,MCQ,FALSE,
Q_5_66,A person with blood group O-negative is a universal donor because their blood lacks:,NDA,GAT,Science,Biology,Human Physiology,Blood and Circulatory System (Blood Groups),Medium,MCQ,FALSE,
Q_5_67,Which of the following endocrine glands is referred to as the 'Master Gland' of the human bod,NDA,GAT,Science,Biology,Human Physiology,Endocrine System (Glands),Easy,MCQ,FALSE,
Q_5_68,Which Article of the Indian Constitution contains the Right to Constitutional Remedies?,NDA,GAT,Polity,Constitution of India,Fundamental Rights,Right to Constitutional Remedies (Article 32),Easy,MCQ,FALSE,
Q_5_69,The Harrod-Domar economic growth model formed the basis of which Five Year Plan of India?,NDA,GAT,Economics,National Income & Growth,Economic Planning in India,Five Year Plans,Medium,MCQ,FALSE,
Q_6_10,What is the probability of getting a head when tossing a fair coin?,CDS,Mathematics,Statistics,Statistics,Probability,Basic Probability,Easy,MCQ,FALSE,
Q_6_11,"What is the standard deviation of a constant dataset {5, 5, 5, 5}?",CDS,Mathematics,Statistics,Statistics,Measures of Dispersion,Standard Deviation,Easy,MCQ,FALSE,
Q_6_12,"If 2^x = 32, what is the value of x?",CDS,Mathematics,Algebra,Algebra,Exponents,Solving Exponential Equations,Easy,MCQ,FALSE,
Q_6_13,What is the value of log₁₀ 1000?,CDS,Mathematics,Algebra,Algebra,Logarithms,Basic Logarithmic Properties,Easy,MCQ,FALSE,
Q_6_14,The arithmetic mean of first 10 prime numbers is:,CDS,Mathematics,Statistics,Statistics,Measures of Central Tendency,Arithmetic Mean,Medium,MCQ,FALSE,
Q_6_15,A train running at a speed of 60 km/h crosses a static telephone pole in 9 seconds. What is the length of the train?,CDS,Mathematics,Arithmetic,Arithmetic,"Time, Speed and Distance",Problems on Trains,Medium,MCQ,FALSE,
Q_6_16,What is the sum of the roots of the quadratic equation 3x² - 9x + 5 = 0?,CDS,Mathematics,Algebra,Algebra,Quadratic Equations,Properties of Roots,Easy,MCQ,FALSE,
Q_6_17,"If tan θ = 4/3, what is the value of sin θ + cos θ?",CDS,Mathematics,Trigonometry,Trigonometry,Trigonometric Ratios,Basic Trigonometric Identities,Medium,MCQ,FALSE,
Q_6_18,"What is the distance of the point (3, 4) from the origin?",CDS,Mathematics,Geometry,Geometry,Coordinate Geometry,Distance Formula,Easy,MCQ,FALSE,
Q_6_19,The area of a circle is 154 cm². What is its radius? (Take π = 22/7),CDS,Mathematics,Mensuration,Mensuration,Area and Perimeter,Circles,Medium,MCQ,FALSE,
Q_6_20,"If x + 1/x = 5, what is the value of x² + 1/x²?",CDS,Mathematics,Algebra,Algebra,Algebraic Identities,Powers of Expressions,Medium,MCQ,FALSE,
Q_6_21,What is the HCF of the numbers 12 and 18?,CDS,Mathematics,Arithmetic,Arithmetic,Number System,HCF and LCM,Easy,MCQ,FALSE,
Q_6_22,A shopkeeper allows a discount of 10% on the marked price of Rs. 200. What is the selling price?,CDS,Mathematics,Arithmetic,Arithmetic,Profit and Loss,Discount,Easy,MCQ,FALSE,
Q_6_23,"What is the compound interest on Rs. 10,000 at 10% per annum for 2 years compounded annually?",CDS,Mathematics,Arithmetic,Arithmetic,Simple and Compound Interest,Compound Interest,Medium,MCQ,FALSE,
Q_6_24,What is the angle of elevation of the top of a tower of height 100m from a point 100m away from its base?,CDS,Mathematics,Trigonometry,Trigonometry,Heights and Distances,Angle of Elevation/Depression,Medium,MCQ,FALSE,
Q_6_25,What is the probability of getting a head when tossing a fair coin?,CDS,Mathematics,Statistics,Statistics,Probability,Basic Probability,Easy,MCQ,FALSE,
Q_6_26,"What is the standard deviation of a constant dataset {5, 5, 5, 5}?",CDS,Mathematics,Statistics,Statistics,Measures of Dispersion,Standard Deviation,Easy,MCQ,FALSE,
Q_6_27,"If 2^x = 32, what is the value of x?",CDS,Mathematics,Algebra,Algebra,Exponents,Solving Exponential Equations,Easy,MCQ,FALSE,
Q_6_28,What is the value of log₁₀ 1000?,CDS,Mathematics,Algebra,Algebra,Logarithms,Basic Logarithmic Properties,Easy,MCQ,FALSE,
Q_6_29,The arithmetic mean of first 10 prime numbers is:,CDS,Mathematics,Statistics,Statistics,Measures of Central Tendency,Arithmetic Mean,Medium,MCQ,FALSE,
Q_6_30,A train running at a speed of 60 km/h crosses a static telephone pole in 9 seconds. What is the length of the train?,CDS,Mathematics,Arithmetic,Arithmetic,"Time, Speed and Distance",Problems on Trains,Medium,MCQ,FALSE,
Q_6_31,What is the sum of the roots of the quadratic equation 3x² - 9x + 5 = 0?,CDS,Mathematics,Algebra,Algebra,Quadratic Equations,Properties of Roots,Easy,MCQ,FALSE,
Q_6_32,"If tan θ = 4/3, what is the value of sin θ + cos θ?",CDS,Mathematics,Trigonometry,Trigonometry,Trigonometric Ratios,Basic Trigonometric Identities,Medium,MCQ,FALSE,
Q_6_33,"What is the distance of the point (3, 4) from the origin?",CDS,Mathematics,Geometry,Geometry,Coordinate Geometry,Distance Formula,Easy,MCQ,FALSE,
Q_6_34,The area of a circle is 154 cm². What is its radius? (Take π = 22/7),CDS,Mathematics,Mensuration,Mensuration,Area and Perimeter,Circles,Medium,MCQ,FALSE,
Q_6_35,"If x + 1/x = 5, what is the value of x² + 1/x²?",CDS,Mathematics,Algebra,Algebra,Algebraic Identities,Powers of Expressions,Medium,MCQ,FALSE,
Q_6_36,What is the HCF of the numbers 12 and 18?,CDS,Mathematics,Arithmetic,Arithmetic,Number System,HCF and LCM,Easy,MCQ,FALSE,
Q_6_37,A shopkeeper allows a discount of 10% on the marked price of Rs. 200. What is the selling price?,CDS,Mathematics,Arithmetic,Arithmetic,Profit and Loss,Discount,Easy,MCQ,FALSE,
Q_6_38,"What is the compound interest on Rs. 10,000 at 10% per annum for 2 years compounded annually?",CDS,Mathematics,Arithmetic,Arithmetic,Simple and Compound Interest,Compound Interest,Medium,MCQ,FALSE,
Q_6_39,What is the angle of elevation of the top of a tower of height 100m from a point 100m away from its base?,CDS,Mathematics,Trigonometry,Trigonometry,Heights and Distances,Angle of Elevation/Depression,Medium,MCQ,FALSE,
Q_6_40,What is the probability of getting a head when tossing a fair coin?,CDS,Mathematics,Statistics,Statistics,Probability,Basic Probability,Easy,MCQ,FALSE,
Q_6_41,"What is the standard deviation of a constant dataset {5, 5, 5, 5}?",CDS,Mathematics,Statistics,Statistics,Measures of Dispersion,Standard Deviation,Medium,MCQ,FALSE,
Q_6_42,"If 2^x = 32, what is the value of x?",CDS,Mathematics,Algebra,Algebra,Exponents,Solving exponential equations,Easy,MCQ,FALSE,
Q_6_43,What is the value of log₁₀ 1000?,CDS,Mathematics,Algebra,Algebra,Logarithms,Basic Logarithm Properties,Easy,MCQ,FALSE,
Q_6_44,The arithmetic mean of first 10 prime numbers is:,CDS,Mathematics,Statistics,Statistics,Measures of Central Tendency,Arithmetic Mean,Medium,MCQ,FALSE,
Q_6_45,A train running at a speed of 60 km/h crosses a static telephone pole in 9 seconds. What is the length of,CDS,Mathematics,Arithmetic,Arithmetic,"Time, Speed and Distance",Train problems,Medium,MCQ,FALSE,
Q_6_46,What is the sum of the roots of the quadratic equation 3x² - 9x + 5 = 0?,CDS,Mathematics,Algebra,Algebra,Quadratic Equations,Properties of Roots,Easy,MCQ,FALSE,
Q_6_47,"If tan θ = 4/3, what is the value of sin θ + cos θ?",CDS,Mathematics,Trigonometry,Trigonometry,Trigonometric Ratios,"Pythagorean Identities, Basic Ratios",Medium,MCQ,FALSE,
Q_6_48,"What is the distance of the point (3, 4) from the origin?",CDS,Mathematics,Geometry,Geometry,Coordinate Geometry,Distance Formula,Easy,MCQ,FALSE,
Q_6_49,The area of a circle is 154 cm². What is its radius? (Take π = 22/7),CDS,Mathematics,Mensuration,Mensuration,Area,Area of Circle,Medium,MCQ,FALSE,
Q_6_50,"If x + 1/x = 5, what is the value of x² + 1/x²?",CDS,Mathematics,Algebra,Algebra,Algebraic Identities,Squaring expressions,Medium,MCQ,FALSE,
Q_6_51,What is the HCF of the numbers 12 and 18?,CDS,Mathematics,Arithmetic,Arithmetic,Number System,HCF and LCM,Easy,MCQ,FALSE,
Q_6_52,A shopkeeper allows a discount of 10% on the marked price of Rs. 200. What is the selling price?,CDS,Mathematics,Arithmetic,Arithmetic,Percentage,Discount,Easy,MCQ,FALSE,
Q_6_53,"What is the compound interest on Rs. 10,000 at 10% per annum for 2 years compounded annually?",CDS,Mathematics,Arithmetic,Arithmetic,Simple and Compound Interest,Compound Interest,Medium,MCQ,FALSE,
Q_6_54,What is the angle of elevation of the top of a tower of height 100m from a point 100m away from its bas,CDS,Mathematics,Trigonometry,Trigonometry,Heights and Distances,Angle of Elevation,Medium,MCQ,FALSE,
Q_6_55,What is the probability of getting a head when tossing a fair coin?,CDS,Mathematics,Statistics,Statistics,Probability,Basic Probability,Easy,MCQ,FALSE,
Q_6_56,"What is the standard deviation of a constant dataset {5, 5, 5, 5}?",CDS,Mathematics,Statistics,Statistics,Measures of Dispersion,Standard Deviation,Medium,MCQ,FALSE,
Q_6_57,"If 2^x = 32, what is the value of x?",CDS,Mathematics,Algebra,Algebra,Exponents,Solving exponential equations,Easy,MCQ,FALSE,
Q_6_58,What is the value of log₁₀ 1000?,CDS,Mathematics,Algebra,Algebra,Logarithms,Basic Logarithm Properties,Easy,MCQ,FALSE,
Q_6_59,The arithmetic mean of first 10 prime numbers is:,CDS,Mathematics,Statistics,Statistics,Measures of Central Tendency,Arithmetic Mean,Medium,MCQ,FALSE,
Q_6_60,A train running at a speed of 60 km/h crosses a static telephone pole in 9 seconds. What is the length of,CDS,Mathematics,Arithmetic,Arithmetic,"Time, Speed and Distance",Train problems,Medium,MCQ,FALSE,
Q_6_61,What is the sum of the roots of the quadratic equation 3x² - 9x + 5 = 0?,CDS,Mathematics,Algebra,Algebra,Quadratic Equations,Properties of Roots,Easy,MCQ,FALSE,
Q_6_62,"If tan θ = 4/3, what is the value of sin θ + cos θ?",CDS,Mathematics,Trigonometry,Trigonometry,Trigonometric Ratios,"Pythagorean Identities, Basic Ratios",Medium,MCQ,FALSE,
Q_6_63,"What is the distance of the point (3, 4) from the origin?",CDS,Mathematics,Geometry,Geometry,Coordinate Geometry,Distance Formula,Easy,MCQ,FALSE,
Q_6_64,The area of a circle is 154 cm². What is its radius? (Take π = 22/7),CDS,Mathematics,Mensuration,Mensuration,Area,Area of Circle,Medium,MCQ,FALSE,
Q_6_65,"If x + 1/x = 5, what is the value of x² + 1/x²?",CDS,Mathematics,Algebra,Algebra,Algebraic Identities,Squaring expressions,Medium,MCQ,FALSE,
Q_6_66,What is the HCF of the numbers 12 and 18?,CDS,Mathematics,Arithmetic,Arithmetic,Number System,HCF and LCM,Easy,MCQ,FALSE,
Q_6_67,A shopkeeper allows a discount of 10% on the marked price of Rs. 200. What is the selling price?,CDS,Mathematics,Arithmetic,Arithmetic,Percentage,Discount,Easy,MCQ,FALSE,
Q_6_68,"What is the compound interest on Rs. 10,000 at 10% per annum for 2 years compounded annually?",CDS,Mathematics,Arithmetic,Arithmetic,Simple and Compound Interest,Compound Interest,Medium,MCQ,FALSE,
Q_6_69,What is the angle of elevation of the top of a tower of height 100m from a point 100m away from its bas,CDS,Mathematics,Trigonometry,Trigonometry,Heights and Distances,Angle of Elevation,Medium,MCQ,FALSE,
