ID,Action,Question,Options
0,KEEP,"Why does the lapse rate effect the tendency of air to rise?","A. (a)   |   B. (b)   |   C. (c)   |   D. (d)"
1,KEEP,"The thorax is the upper part of your body from the neck down to the bottom of the ribs and diaphragm.","A. (a)   |   B. (b)   |   C. (c)   |   D. (d)"
2,KEEP,"Early cities rely on food and water from the surrounding countryside, but today cities often depend on distant sources.","A. (a)   |   B. (b)   |   C. (c)   |   D. (d)"
3,KEEP,"Climate change, whether it is natural or human-induced, is stressful for the people.","A. (a)   |   B. (b)   |   C. (c)   |   D. (d)"
4,KEEP,"Which one from among the following planets is largest in size?","A. Earth   |   B. Venus   |   C. Mars   |   D. Mercury"
5,KEEP,"Match List I with List II and select the correct answer using the code given below the lists: List I (Place) A. Mumbai B. Visakhapatnam C. Chennai D. Kochi List II (Feature) 1. Queen of the Arabian Sea 2. Biggest port of India 3. Land-locked harbour 4. Oldest port on the Eastern Coast","A. A-2, B-4, C-3, D-1   |   B. A-2, B-3, C-4, D-1   |   C. A-1, B-3, C-4, D-2   |   D. A-1, B-4, C-3, D-2"
6,KEEP,"Which one of the following is a crater lake in India?","A. Lonar Lake   |   B. Sambhar Lake   |   C. Chilika Lake   |   D. Vembanad Lake"
7,KEEP,"Fine-grained bed of ephemeral lake in a desert is also known as","A. Playa   |   B. Oasis   |   C. Drumlin   |   D. Natural levee"
8,KEEP,"Which one of the following factors does not affect the distribution of groundwater?","A. Amount of precipitation   |   B. Rate of evaporation   |   C. Ability of the ground surface to allow water to infiltrate into the groundwater system   |   D. Distance from the sea"
9,KEEP,"The Constitution (35th Amendment) Act of 1974 is related to which one of the following States?","A. Mizoram   |   B. Sikkim   |   C. Nagaland   |   D. Arunachal Pradesh"
10,KEEP,"Which one of the following best describes the electoral system of India?","A. First-Past-The-Post System   |   B. Proportional Representation   |   C. Mixed System   |   D. General Ticket"
11,KEEP,"Which one of the following is a non-justiciable right?","A. Right to adequate livelihood   |   B. Right against exploitation   |   C. Right of accused   |   D. Right to life and personal liberty"
12,KEEP,"Which one of the following is not a writ?","A. Mandamus   |   B. Habeas Corpus   |   C. Certiorari   |   D. Severability"
13,KEEP,"Which one of the following is not a part of Fundamental Rights?","A. Right to education   |   B. Right to establish educational institutions by minorities   |   C. Right to be conferred with titles   |   D. Right against untouchability"
14,KEEP,"Which one of the following is not a function of the Constitution of India?","A. To ensure participation of good people in politics   |   B. To guarantee a set of rights to citizens   |   C. To define the power of the different organs of government   |   D. To create conditions for a just society"
15,KEEP,"Which one of the following statements about biodiversity is not correct?","A. The term 'biodiversity' was coined by Walter G. Rosen in 1986.   |   B. The term 'biodiversity hotspots' was coined by Norman Myers in 1988.   |   C. The regions having richest biodiversity are called 'biodiversity hotspots'.   |   D. More than 100 hotspots of biodiversity are identified in the world."
16,KEEP,"The Earth's atmosphere is mainly heated by which one of the following?","A. Short wave solar radiation   |   B. Reflected solar radiation   |   C. Long wave terrestrial radiation   |   D. Scattered solar radiation"
17,KEEP,"Which one of the following is the correct sequence of layers as we move from the Earth's surface upwards?","A. Troposphere, Stratosphere, Thermosphere, Mesosphere   |   B. Troposphere, Stratosphere, Mesosphere, Thermosphere   |   C. Thermosphere, Mesosphere, Stratosphere, Troposphere   |   D. Stratosphere, Mesosphere, Troposphere, Thermosphere"
18,KEEP,"Which one of the following is not a soil forming factor?","A. Parent material   |   B. Topography   |   C. Climate   |   D. Human habitation"
19,KEEP,"Which one of the following best describes the Lithosphere?","A. Upper and lower mantle   |   B. Crust and core   |   C. Crust and upper mantle   |   D. Lower mantle and core"
20,KEEP,"Which one of the following countries has the maximum time difference from Greenwich Mean Time (GMT)?","A. India   |   B. Nepal   |   C. Sri Lanka   |   D. Bhutan"
21,KEEP,"Which one of the following is not a feature of the Constitution of India?","A. It provides a set of basic rules.   |   B. It specifies the power of the Government.   |   C. It is the supreme law of the land.   |   D. It specifies the supremacy of the judiciary."
22,KEEP,"Which one of the following statements about the Attorney General of India is not correct?","A. He has the right of audience only in the Supreme Court of India.   |   B. He shall receive such remuneration as the President may determine.   |   C. He shall be qualified to be appointed as a Judge of the Supreme Court.   |   D. He shall give advice to the Government of India on all legal matters."
23,KEEP,"Who among the following described the Directive Principles of State Policy as the novel feature of the Constitution of India?","A. Jawaharlal Nehru   |   B. Rajendra Prasad   |   C. S.N. Mukherjee   |   D. B.R. Ambedkar"
24,KEEP,"Which of the following statements about the Indian Councils Act of 1861 is/are correct? 1. It enlarged the Governor General's Council for the purpose of making laws. 2. The Governor General was not authorised to increase the number of members.","A. 1 only   |   B. 2 only   |   C. Both 1 and 2   |   D. Neither 1 nor 2"
25,KEEP,"Which one of the following statements about Tattvabodhini Patrika is correct?","A. It promoted a systematic study of India's past in the Bengali language.   |   B. It promoted a systematic study of India's past through Sanskrit sources.   |   C. It promoted a systematic study of India's past through Persian sources.   |   D. It promoted a systematic study of India's past through Western sources."
26,KEEP,"In which one of the following years did the British demarcate a large area of land as Damin-i-koh for settling the Santhals?","A. 1810   |   B. 1793   |   C. 1885   |   D. 1832"
27,KEEP,"The Tropic of Cancer does not pass through which one of the following States?","A. Manipur   |   B. West Bengal   |   C. Gujarat   |   D. Jharkhand"
28,KEEP,"Which one of the following pairs of crop and product is/are correctly matched? 1. Food crop : Ragi 2. Cash crop : Jute 3. Plantation crop : Coconut","A. 1 only   |   B. 2 and 3 only   |   C. 1, 2 and 3   |   D. 3 only"
29,KEEP,"Which one of the following coalfields is not located in Jharkhand?","A. Jharia   |   B. Ramgarh   |   C. Deogarh   |   D. Umaria"
30,KEEP,"Which one of the following is the longest parallel of latitude?","A. Tropic of Cancer   |   B. Tropic of Capricorn   |   C. Arctic Circle   |   D. Equator"
31,KEEP,"The periodic rise and fall of ocean water in response to gravitational forces is called","A. Current   |   B. Waves   |   C. Tides   |   D. Tsunami"
32,KEEP,"Which of the following statements about the first Indian Factory Act passed in 1881 is/are correct? 1. The Act dealt primarily with the problem of child labour. 2. The Act laid down that children between 7 years and 12 years of age would not work for more than 9 hours a day.","A. 1 only   |   B. 2 only   |   C. Both 1 and 2   |   D. Neither 1 nor 2"
33,KEEP,"Which of the following statements about Mahatma Gandhi's anti-untouchability campaign is/are correct? 1. The All India Harijan Sevak Sangh was founded for this purpose. 2. The campaign was to root out untouchability, since it did not enjoy the sanction of the Hindu shastras.","A. 1 only   |   B. 2 only   |   C. Both 1 and 2   |   D. Neither 1 nor 2"
34,KEEP,"The founders of the Paramhansa Mandali founded in Maharashtra believed in which one of the following?","A. Social distancing along caste lines   |   B. Glorification of caste system   |   C. Forbidding widow remarriage   |   D. One God and in breaking caste rules"
35,KEEP,"Which one of the following statements about the ishtahars issued during the Revolt of 1857 is correct?","A. They glorified the Muslim rule in India.   |   B. They glorified the co-existence of different communities under the Mughal Empire.   |   C. They glorified the message of Islam.   |   D. They glorified the role of Queen Victoria."
36,KEEP,"During the Industrial Revolution, who among the following designed the 'flying shuttle loom'?","A. Samuel Crompton   |   B. Edmund Cartwright   |   C. John Kay   |   D. Richard Arkwright"
37,KEEP,"Match List I with List II and select the correct answer using the code given below the lists: List I (Dam) - List II (State) A. Hirakud - 1. Gujarat B. Panchet - 2. Bihar C. Kosi - 3. Odisha D. Ukai - 4. Jharkhand","A. A-3, B-4, C-2, D-1   |   B. A-3, B-2, C-4, D-1   |   C. A-1, B-2, C-4, D-3   |   D. A-1, B-4, C-2, D-3"
38,KEEP,"Which one of the following features is the result of erosion and deposition work of a river?","A. Pothole   |   B. Oxbow lake   |   C. Levee   |   D. Rapid"
39,KEEP,"Which one of the following is not a feature of agriculture in India?","A. Subsistence agriculture   |   B. Pressure of population on agriculture   |   C. Dependence upon Monsoon   |   D. Predominance of cash crops"
40,KEEP,"Which one of the following is not a specified Sub-Mission of the National Livestock Mission?","A. Livestock development   |   B. Pig development in north-western region   |   C. Fodder and feed development   |   D. Skill development, technology transfer and extension"
41,KEEP,"Who among the following wrote the famous text 'A Discourse on Political Economy'?","A. Montesquieu   |   B. Voltaire   |   C. Rousseau   |   D. Adam Smith"
42,KEEP,"Which of the following statements about the resolution adopted in the Karachi session of the Indian National Congress with regard to fundamental rights and economic policy is/are correct? 1. It was opposed by Ambalal Sarabhai. 2. Its 20 points included demands for civil liberties and adult suffrage.","A. 1 only   |   B. 2 only   |   C. Both 1 and 2   |   D. Neither 1 nor 2"
43,KEEP,"Which of the following statements about the Law Commission headed by Lord Macaulay is/are correct? 1. It attempted to codify the laws. 2. It was opposed to uniform system of Courts.","A. 1 only   |   B. 2 only   |   C. Both 1 and 2   |   D. Neither 1 nor 2"
44,KEEP,"The pH value of Milk of Magnesia is approximately","A. Zero   |   B. 7   |   C. 10   |   D. 14"
45,KEEP,"Which one of the following compounds is used in 'black and white' photography?","A. AgF   |   B. AgBr   |   C. AgCl   |   D. Ag2SO4"
46,KEEP,"What is the number of water molecules present in a Ferrous Sulphate crystal?","A. 1   |   B. 3   |   C. 5   |   D. 7"
47,KEEP,"What is the colour of the precipitate obtained by passing CO2 gas through lime water?","A. Green   |   B. Blue   |   C. White   |   D. Brown"
48,KEEP,"Which one of the following pairs of elements is liquid at room temperature and at normal pressure?","A. Gallium and Bromine   |   B. Mercury and Bromine   |   C. Gallium and Mercury   |   D. Gallium and Caesium"
49,KEEP,"Which one of the following methods can be used to separate anthracene from a mixture of salt and anthracene?","A. Distillation   |   B. Sublimation   |   C. Evaporation   |   D. Chromatography"
50,KEEP,"Shoots of plant show upward movement and it can be designated to be","A. Negatively phototropic   |   B. Positively chemotropic   |   C. Positively hydrotropic   |   D. Negatively geotropic"
51,KEEP,"Which one of the following statements about the process of photosynthesis is correct?","A. Chemical energy is converted into light energy.   |   B. Carbon dioxide is oxidised to form carbohydrate.   |   C. Water molecule splits into hydrogen and oxygen.   |   D. Light energy is directly used to split water."
52,KEEP,"How are evergreen plants with woody stems having naked seed classified?","A. Angiosperms   |   B. Monocotyledons   |   C. Pteridophytes   |   D. Gymnosperms"
53,KEEP,"Which one of the following tissues is known as basic packing tissue and found in xylem and phloem?","A. Collenchyma   |   B. Parenchyma   |   C. Sclerenchyma   |   D. Vessels"
54,KEEP,"Girth of stem of a plant increases due to division of cells in","A. apical meristem only.   |   B. lateral meristem only.   |   C. apical and intercalary meristem.   |   D. both apical and lateral meristem."
55,KEEP,"Different varieties of the same gene are called","A. Genotypes   |   B. Sib pairs   |   C. Alleles   |   D. Isomers"
56,KEEP,"Which one of the following viruses used to be responsible for highly infectious disease Smallpox?","A. Adenovirus   |   B. Variola virus   |   C. Aichi virus   |   D. Coxsackie virus"
57,KEEP,"Buoyancy is a/an","A. upward pressure   |   B. downward pressure   |   C. downward force   |   D. upward force"
58,KEEP,"Weight and mass of an object are defined with Newton's laws of motion. Which among the following is true?","A. Weight is a constant of proportionality.   |   B. Mass is a constant of proportionality.   |   C. Mass is not a constant of proportionality.   |   D. Weight is a universal constant."
59,KEEP,"Fundamental laws of physics require","A. conservation of energy and non-conservation of charge.   |   B. conservation of charge and non-conservation of linear momentum.   |   C. conservation of charge and non-conservation of energy.   |   D. conservation of energy, momentum and charge."
60,KEEP,"Work is said to be one Joule when a force of","A. 4 N moves an object by 25 cm.   |   B. 2 N moves an object by 1 m.   |   C. 1 N moves an object by 1 cm.   |   D. 1 N moves an object by 50 cm."
61,KEEP,"A uniform motion of a car along a circular path experiences","A. a change in speed due to a change in its direction of motion.   |   B. a change in velocity due to a change in its direction of motion.   |   C. a change in momentum due to no change in its direction of motion.   |   D. a constant momentum due to a change in its direction of motion."
62,KEEP,"Three equal resistors are connected in parallel configuration in a closed electrical circuit. Then the total resistance in the circuit becomes","A. one-third of the individual resistance.   |   B. two-third of the individual resistance.   |   C. equal to the individual resistance.   |   D. three times of the individual resistance."
63,KEEP,"Rutherford's alpha-particle (α) scattering experiment was responsible for the discovery of which one of the following?","A. Electron   |   B. Proton   |   C. Atomic Nucleus   |   D. Neutron"
64,KEEP,"What is the maximum number of electrons in the M-Shell?","A. 6   |   B. 8   |   C. 18   |   D. 32"
65,KEEP,"Chlorine occurs in nature in two isotopic forms of masses 35 u and 37 u in the ratio of 3 : 1 respectively. What is the average atomic mass of the Chlorine atom?","A. 36.1 u   |   B. 35.5 u   |   C. 36.5 u   |   D. 35.1 u"
66,KEEP,"Which one of the following elements' isotopes is used in the treatment of cancer?","A. Iodine   |   B. Sodium   |   C. Cobalt   |   D. Uranium"
67,KEEP,"To protect steel and iron from rusting, a thin layer of which one of the following metals is applied?","A. Magnesium   |   B. Zinc   |   C. Aluminium   |   D. Lead"
68,KEEP,"Cinnabar is an ore of which one of the following?","A. Copper   |   B. Zinc   |   C. Mercury   |   D. Manganese"
69,KEEP,"Imagine a current-carrying straight conductor with magnetic field of lines in anti-clockwise direction. Then the direction of current is determined by","A. the Right-Hand Thumb rule and it would be in the downward direction.   |   B. the Left-Hand Thumb rule and it would be in the downward direction.   |   C. the Right-Hand Thumb rule and it would be in the upward direction.   |   D. the Left-Hand Thumb rule and it would be in the upward direction."
70,KEEP,"The device used to produce electric current is known as","A. motor   |   B. generator   |   C. ammeter   |   D. galvanometer"
71,KEEP,"Myopia is a defect in human vision where an image of a","A. nearby object is focused beyond the retina.   |   B. nearby object is focused before the retina.   |   C. distant object is focused before the retina.   |   D. distant object is focused beyond the retina."
72,KEEP,"Tyndall effect is a phenomenon of","A. scattering of light by the colloidal particles.   |   B. refraction of light by the colloidal particles.   |   C. dispersion of light by dust particles.   |   D. refraction of light by dust particles."
73,KEEP,"Twinkling of stars is primarily due to the atmospheric","A. refraction   |   B. reflection   |   C. polarization   |   D. dispersion"
74,KEEP,"Consider the following statements about Light year: 1. Light year is a unit for measurement of very large distances. 2. Light year is a unit for measurement of very large time intervals. 3. Light year is a unit for measurement of intensity of light. Which of the statements given above is/are correct?","A. 1, 2 and 3   |   B. 2 and 3 only   |   C. 1 and 2 only   |   D. 1 only"
75,KEEP,"Which one of the following regarding density of water at atmospheric pressure is correct?","A. Density of water at 4°C is 1000 kg/m³.   |   B. Density of water at 0°C is 1000 kg/m³.   |   C. Density of water at 0°C is 100 kg/m³.   |   D. Density of water at 4°C is 10 kg/m³."
76,KEEP,"Which one of the following pairs of physical phenomenon and the discoverer is/are correctly matched? 1. James Chadwick : Photoelectric effect 2. Albert Einstein : Neutron 3. Marie Curie : Radium Select the correct answer using the code given below:","A. 1, 2 and 3   |   B. 1 and 2 only   |   C. 2 and 3 only   |   D. 3 only"
77,KEEP,"LED (a semi-conductor device) is an abbreviation that stands for","A. Licence for Energy Detector.   |   B. Light Energy Device.   |   C. Light Emitting Diode.   |   D. Lost Energy Detector."
78,KEEP,"The statement ""friction force is a contact force while magnetic force is a non-contact force"" is","A. always true.   |   B. true only at 0°C.   |   C. a false statement.   |   D. either true or false depending upon the temperature of the surroundings."
79,KEEP,"Which one of the following is the chemical formula of Hypobromous acid?","A. HBrO₄   |   B. HOBr   |   C. HBr   |   D. HBrO₃"
80,KEEP,"The composition of gases in exosphere is","A. Helium and Hydrogen.   |   B. Neon and Oxygen.   |   C. Neon and Hydrogen.   |   D. Helium and Neon."
81,KEEP,"Which one of the following is not used as a raw material in the manufacture of glass?","A. Soda   |   B. Alumina   |   C. Borax   |   D. Gypsum"
82,KEEP,"In electrolytic refining of copper, the electrolyte is a solution of","A. acidified copper chloride.   |   B. acidified copper sulphate.   |   C. potassium chloride.   |   D. sodium sulphate."
83,KEEP,"Solder is an alloy of","A. Cu and Sn.   |   B. Fe and Zn.   |   C. Pb and Sn.   |   D. Ag and Zn."
84,KEEP,"Which one of the following statements about dihydrogen (H₂) is not correct?","A. H₂ is lighter than air and insoluble in water.   |   B. H₂ is inert at room temperature due to high H-H bond dissociation enthalpy.   |   C. H₂ reacts with alkali metals at high temperature to yield metal hydrides.   |   D. A mixture of NO₂ and H₂ is known as Syngas."
85,KEEP,"Which one of the following sets of elements has the same valency?","A. Na, Mg, Ca   |   B. Na, Mg, Al   |   C. Mg, Ca, K   |   D. Mg, Ca, Ba"
86,KEEP,"Which one of the following is the lowest possible temperature?","A. 0° Celsius   |   B. -073° Celsius   |   C. -173° Celsius   |   D. -273° Celsius"
87,KEEP,"Numerically two thermometers, one in Fahrenheit scale and another in Celsius scale shall read same at","A. -40°   |   B. 0°   |   C. -273°   |   D. 100°"
88,KEEP,"The image we see in plane mirror is","A. real and thus can be photographed.   |   B. virtual and nearer than the object.   |   C. virtual and is laterally inverted.   |   D. real but cannot be photographed."
89,KEEP,"Which one of the following colours may be obtained by combining green and red colours?","A. Blue   |   B. Magenta   |   C. Pink   |   D. Yellow"
90,KEEP,"Which of the following are the primary colours of light?","A. Yellow, Red and Green   |   B. Blue, Red and Green   |   C. Violet, Red and Yellow   |   D. Indigo, Violet and Green"
91,KEEP,"According to the New Cartesian Sign Convention, which one of the following is correct in respect of the formula 1/f = 1/v + 1/u, where symbols have their usual meanings?","A. It applies only to spherical mirrors.   |   B. It applies only to spherical lenses.   |   C. It applies to spherical mirrors as well as spherical lenses.   |   D. It is an invalid formula."
92,KEEP,"Movement of materials to different parts of cytoplasm and nucleus is generally carried out by","A. Ribosomes.   |   B. Mitochondria.   |   C. Lysosomes.   |   D. Endoplasmic reticulum."
93,KEEP,"In mitochondria, ATP synthesizing chemical reactions take place in the","A. Outer membrane.   |   B. Matrix.   |   C. Inner membrane.   |   D. DNA of mitochondria."
94,KEEP,"Squamous epithelial cells are found in the inner lining of","A. Oesophagus.   |   B. Small intestine.   |   C. Ducts of salivary gland.   |   D. Kidney."
95,KEEP,"Transformation of meristematic cells into specific permanent tissues occurs by the process of","A. Cell differentiation.   |   B. Cell division.   |   C. Cell multiplication.   |   D. Cell regeneration."
96,KEEP,"The gaseous product of a process in plants is a requirement for another vital process that releases energy. Given below are four combinations of the process and product. Identify the correct answer.","A. Respiration and Nitric oxide   |   B. Transpiration and Water vapour   |   C. Photosynthesis and Oxygen   |   D. Germination and Carbon dioxide"
97,KEEP,"In a dicot pot herb, vaseline/vegetable oil was applied on the upper surface of one leaf (Experimental leaf 1) and on the lower surface of another leaf (Experimental leaf 2). Vaseline/Vegetable oil was not applied on the control leaf. The plant was deliberately not watered for several days. Which leaf will dry up last?","A. Experimental leaf 1   |   B. Experimental leaf 2   |   C. Control leaf   |   D. All the leaves will dry up simultaneously"
98,KEEP,"Which one of the following statements is not correct for light rays?","A. Light travels at different speeds in different media.   |   B. Light travels at almost 300 million metres per second in air.   |   C. Light speeds down as it leaves a water surface and enters the air.   |   D. Light speeds up as it leaves a glass surface and enters the air."
99,KEEP,"A glass prism splits white light into different colours. This phenomenon is called dispersion of light by prism. Which one of the following statements is correct?","A. Red light will deviate the most and it is because of the reflection of light.   |   B. Violet light will deviate the most and it is because of the refraction of light.   |   C. Red light will deviate the most and it is because of the refraction of light.   |   D. Violet light will deviate the most and it is because of the reflection of light."
100,KEEP,"A current of 1.0 A is drawn by a filament of an electric bulb for 10 minutes. The amount of electric charge that flows through the circuit is","A. 0.1 C   |   B. 10 C   |   C. 600 C   |   D. 800 C"
101,KEEP,"Which one of the following formulas does not represent electrical power?","A. I²R   |   B. IR²   |   C. VI   |   D. V²/R"
102,KEEP,"The sound created in a big hall persists because of the repeated reflections. The phenomenon is called","A. Reverberation.   |   B. Dispersion.   |   C. Refraction.   |   D. Diffraction."
103,KEEP,"When light is scattered by a molecule and the frequency of the scattered light is changed, this phenomenon is called","A. Rayleigh scattering.   |   B. Raman effect.   |   C. Photoelectric effect.   |   D. Rutherford scattering."
104,KEEP,"What is the mass of a material, whose specific heat capacity is 400 J/(kg °C) for a rise in temperature from 15 °C to 25 °C, when heat received is 20 kJ?","A. 0.1 kg   |   B. 1 kg   |   C. 10 kg   |   D. 5 kg"
105,KEEP,"The specific latent heat of vaporization of a substance is the quantity of heat needed to change unit mass from","A. liquid to vapour with a change of temperature   |   B. liquid to vapour without a change of temperature   |   C. vapour to liquid without a change of temperature   |   D. vapour to liquid with a change of temperature"
106,KEEP,"Which of the following statements correctly explains/explain the existence of a positive force between two electric charges?","A. 1 only   |   B. 2 only   |   C. 1 and 2 only   |   D. 1, 2 and 3"
107,KEEP,"An electric wire of resistance 50 ohm is cut into five equal wires. These wires are then connected in parallel. What is the equivalent resistance of this combination?","A. 2 ohm   |   B. 10 ohm   |   C. 0.5 ohm   |   D. 5 ohm"
108,KEEP,"The electric field lines from an isolated positively charged conducting sphere are","A. tangential to the conducting surface   |   B. at right angles to the conducting surface and towards the centre of the sphere   |   C. at any angle to the conducting surface   |   D. at right angles to the conducting surface and outwards from the centre of the sphere"
109,KEEP,"Which one of the following is not a solution?","A. Alloy   |   B. Milk   |   C. Air   |   D. Sugar"
110,KEEP,"Refining of petroleum is carried out using which one of the following techniques?","A. Evaporation   |   B. Fractional distillation   |   C. Separating funnel   |   D. Sublimation"
111,KEEP,"Which one of the following is a chemical change?","A. Dissolving sugar in water   |   B. Melting of ice   |   C. Crystallization   |   D. Milk turning sour"
112,KEEP,"Which one of the following is the correct molecular formula of ammonium carbonate if the valency of ammonium ion is (+1) and carbonate anion is (-2)?","A. (NH4)2 CO3   |   B. NH4 (CO3)2   |   C. (NH3)2 CO3   |   D. NH4 CO3"
113,KEEP,"Which one of the following is a covalent compound?","A. Calcium oxide   |   B. Sodium nitride   |   C. Silicon carbide   |   D. Zinc sulphide"
114,KEEP,"The mass number of argon is 40. Which one of the following statements is correct?","A. The number of protons in argon is 22.   |   B. The number of neutrons in argon is 18.   |   C. The number of electrons in argon is 18.   |   D. The sum of numbers of protons and electrons in argon is 40."
115,KEEP,"Which one of the following is the correct order of the valencies of elements Ne, Si, N and Mg?","A. Ne < Mg < N < Si   |   B. Si < N < Mg < Ne   |   C. Ne < N < Si < Mg   |   D. Mg < Ne < N < Si"
116,KEEP,"The frequency of an alternating current is 3 Hz. It implies that","A. there are 6 cycles/s   |   B. there are 3 cycles/s   |   C. there are 2 cycles/s   |   D. there is only 1 cycle/s"
117,KEEP,"Which one of the following correctly represents the SI unit of resistivity?","A. Ω   |   B. Ω/m   |   C. Ω cm   |   D. Ω m"
118,KEEP,"What is the current required to light a 60 W incandescent bulb in a domestic supply of 240 V?","A. 0.5 A   |   B. 0.25 A   |   C. 1.0 A   |   D. 5.0 A"
119,KEEP,"The magnetic field produced by a current-carrying straight wire at a point outside the wire depends","A. inversely on the distance from it   |   B. directly on the distance from it   |   C. inversely on short distances and directly on large distances from it   |   D. directly on the distance (at short distances) and inversely on the distance (at long distances) from it"
120,KEEP,"What is the dimension of gravitational constant?","A. ML^3T^-2   |   B. M^-1L^3T^-2   |   C. M^2L^-2T^-2   |   D. M^2L^-1T^-2"
121,KEEP,"A ball is thrown vertically upward with a speed of 40 m/s. The time taken by the ball to reach the maximum height would be approximately","A. 2 s   |   B. 3 s   |   C. 4 s   |   D. 5 s"
122,KEEP,"The time period of a 1 m long pendulum approximates to","A. 6 s   |   B. 4 s   |   C. 2 s   |   D. 1 s"
123,KEEP,"Which of the following statements about living and non-living being is/are correct?","A. 1 only   |   B. 2 only   |   C. Both 1 and 2   |   D. Neither 1 nor 2"
124,KEEP,"Which one of the following plant plastids stores starch, oil and protein granules?","A. Chloroplast   |   B. Leucoplast   |   C. Chromoplast   |   D. Xanthoplast"
125,KEEP,"Which one of the following statements about 'vacuoles' is not correct?","A. In plants, there is a large central vacuole that may occupy 90% of total cell volume.   |   B. In plant cells, vacuoles provide turgidity and rigidity.   |   C. In Amoeba, vacuoles have role in nutrition.   |   D. Vacuoles are absent in animal cells."
126,KEEP,"In aquatic plants, large air sacs give them buoyancy effects. These sacs are surrounded by which one of the following types of tissues?","A. Parenchyma   |   B. Collenchyma   |   C. Sclerenchyma   |   D. Complex tissue"
127,KEEP,"Which one of the following belongs to 'Pisces'?","A. Dogfish   |   B. Jellyfish   |   C. Silverfish   |   D. Starfish"
128,KEEP,"Which one of the following groups is called 'amphibians of plant kingdom'?","A. Bryophytes   |   B. Thallophytes   |   C. Pteridophytes   |   D. Gymnosperms"
129,KEEP,"Which one of the following is caused by a bacterial pathogen?","A. AIDS   |   B. Dengue fever   |   C. COVID-19   |   D. Typhoid fever"
130,KEEP,"The twinkling of a star is due to the atmospheric","A. diffraction of starlight   |   B. reflection of starlight   |   C. refraction of starlight   |   D. dispersion of starlight"
131,KEEP,"A mass M is dragged by a pulley on a horizontal plane by a force anti-parallel to its displacement. The work done in pulling the mass M is","A. zero   |   B. positive   |   C. infinite   |   D. negative"
132,KEEP,"A 5 N force is defined when a mass of 10 kg is accelerated with","A. 5.0 cm/s^2   |   B. 0.5 m/s^2   |   C. 0.5 cm/s^2   |   D. 5.0 m/s^2"
133,KEEP,"The real beginning of western education in India can be dated from","A. the Charter Act of 1813   |   B. the Charter Act of 1793   |   C. the Sarda Act of 1929   |   D. the Macaulay's Minute on Indian Education, 1835"
134,KEEP,"The term 'Industrial Revolution' was first used by","A. J. A. Blanqui   |   B. T. S. Ashton   |   C. Arnold Toynbee   |   D. R. H. Tawney"
135,KEEP,"The Khudai Khidmatgar (Servants of the God) was organized by","A. Mahatma Gandhi   |   B. Khan Abdul Ghaffar Khan   |   C. M. A. Jinnah   |   D. M. M. Malaviya"
136,KEEP,"The Satyashodhak Samaj (Truth-Seeking Society) was set up by","A. Vinoba Bhave   |   B. Jyotiba Phule   |   C. B. R. Ambedkar   |   D. C. Rajagopalachari"
137,KEEP,"The 13th Century text Lekhapaddhati gives us information on which one of the following topics?","A. Art of writing   |   B. Essay writing   |   C. Legal document   |   D. Epigraphic style"
138,KEEP,"The idea of Planning in Independent India was drawn from","A. the Bombay Plan   |   B. the demand made by peasants   |   C. the demand made by workers' unions   |   D. the Gandhian vision of India's future"
139,KEEP,"Which one of the following is likely to be the most prevalent form of weathering in hot-tropical desert areas?","A. Mechanical   |   B. Chemical   |   C. Biological   |   D. Leaching"
140,KEEP,"In India, rigid and stable elevated lands, denuded rocks and series of scarps are the features of which of the following?","A. Northern mountains   |   B. Peninsular plateau   |   C. Northern plains   |   D. Coastal plains"
141,KEEP,"A person had visited a region in India and found trees, such as Khair, Neem, Khejri and Palas. Which one of the following regions is she/he expected to have visited?","A. Malabar Coast   |   B. Garo Hills   |   C. Sunderban Delta   |   D. Desert Region"
142,KEEP,"Consider the following statements: 1. Rocks do not remain in their original form for long and undergo transformation. 2. Transformation of rocks is caused by weathering, erosion and metamorphic action. Which of the statements given above is/are correct?","A. 1 only   |   B. 2 only   |   C. Both 1 and 2   |   D. Neither 1 nor 2"
143,KEEP,"Weathering, mass wasting, erosion and transportation are indicators of which one of the following processes?","A. Denudation   |   B. Endogenetic process   |   C. Diastrophism   |   D. Mountain building"
144,KEEP,"If you want to observe moraines, eskers and outwash plains, which one of the following Union Territories you may have to visit?","A. Andaman and Nicobar Islands   |   B. Lakshadweep   |   C. Puducherry   |   D. Ladakh"
145,KEEP,"The book, Kalila wa Dimna is an Arabic translation of the","A. Hitopadesha   |   B. Panchatantra   |   C. Suryasiddhanta   |   D. Kathasaritsagar"
146,KEEP,"Who among the following initiated the Bhoodan Movement?","A. Ram Prasad Bismil   |   B. Vinoba Bhave   |   C. Mahatma Gandhi   |   D. Kanhu Murmu"
147,KEEP,"Which one of the following rivers in India was not crossed by Alexander and his army?","A. Hyphasis   |   B. Acesines   |   C. Hydraotes   |   D. Hydaspes"
148,KEEP,"Who among the following has described the medieval Indian postal system as of two kinds—the horse-post called 'Uluq' and the foot-post called 'Dawa'?","A. Al-Biruni   |   B. Duarte Barbosa   |   C. Ibn Battuta   |   D. Seydi Ali Reis"
149,KEEP,"At which among the following Harappan sites are fire altars found?","A. Kalibangan   |   B. Harappa   |   C. Mohenjo-daro   |   D. Rakhi Garhi"
150,KEEP,"Consider the following statements on computation of density: 1. Physiological density can be computed by dividing the total population by the net cultivable area. 2. Agricultural density can be computed by dividing the total agricultural population by the net cultivable area. 3. Population density can be computed by dividing the total population by the total area. How many of the above statements is/are correct?","A. 1   |   B. 2   |   C. 3   |   D. None"
151,KEEP,"The formation of 'tors' on small rocky hills is associated with which among the following?","A. Granite   |   B. Limestone   |   C. Alluvial   |   D. Dolomite"
152,KEEP,"Consider the following statements about anticyclones: 1. Anticyclones are high pressure systems. 2. Air in the centre of the system must be subsiding. 3. Anticyclones are characterized by converging winds. How many of the above statements is/are correct?","A. 1   |   B. 2   |   C. 3   |   D. None"
153,KEEP,"Which of the following statements is/are correct? 1. The Earth's crust is brittle in nature. 2. The mean thickness of the oceanic crust is 15 km, whereas that of the continental crust is around 30 km.","A. 1 only   |   B. 2 only   |   C. Both 1 and 2   |   D. Neither 1 nor 2"
154,KEEP,"Two convex lenses have focal lengths of 50 cm and 25 cm, respectively. If these two lenses are placed in contact, then the net power of this combination will be equal to","A. +2 dioptre   |   B. +6 dioptre   |   C. -6 dioptre   |   D. +3 dioptre"
155,KEEP,"Which one of the following terms cannot represent electrical power in a circuit?","A. VI   |   B. I^2/R   |   C. I^2R   |   D. V^2/R"
156,KEEP,"The refractive index of crown glass is close to 3/2. If the speed of light in air is c, then the speed of light in the crown glass will be close to","A. (3/2)c   |   B. (4/9)c   |   C. (2/3)c   |   D. (9/4)c"
157,KEEP,"A simple pendulum having bob of mass m and length of string l has time period of T. If the mass of the bob is doubled and the length of the string is halved, then the time period of this pendulum will be","A. T   |   B. T/√2   |   C. 2T   |   D. √2T"
158,KEEP,"In which one of the following devices, the light energy is converted into the electrical energy?","A. Light-emitting diode   |   B. Laser diode   |   C. Solar cell   |   D. Transistor"
159,KEEP,"Which one of the following is not a power of Panchayats under Article 243G?","A. Land improvement   |   B. Implementation of land reforms   |   C. Land consolidation and soil conservation   |   D. Regulation of land revenue"
160,KEEP,"Match List-I with List-II and select the correct answer using the code given below the Lists: List-I (Mahamatta) | List-II (Function) A. Anta-mahamatta | 1. Women's welfare B. Ithijhakha-mahamatta | 2. Spread of Dhamma C. Dhamma-mahamatta | 3. Associated with city administration D. Nagalaviyohalaka-mahamatta | 4. In-charge of frontier areas","A. A-3, B-2, C-1, D-4   |   B. A-3, B-1, C-2, D-4   |   C. A-4, B-1, C-2, D-3   |   D. A-4, B-2, C-1, D-3"
161,KEEP,"Who among the following is the author of the Hastyayurveda?","A. Palakapya   |   B. Vagbhata   |   C. Sushruta   |   D. Charaka"
162,KEEP,"Which one of the following areas was acquired by the British under the Treaty of Deogaon, 1803?","A. Cuttack   |   B. Murshidabad   |   C. Surat   |   D. Calicut"
163,KEEP,"Consider the following statements: 1. Maharashtra State has the maximum share of national highways (length in kilometres). 2. The nature of terrain and the level of economic development is one of the reasons for the maximum share of national highways in Maharashtra. Which of the statements given above is/are correct?","A. 1 only   |   B. 2 only   |   C. Both 1 and 2   |   D. Neither 1 nor 2"
164,KEEP,"The activities or services focussed on creation, rearrangement and interpretation of new and existing ideas are referred to as","A. quaternary activities   |   B. quinary activities   |   C. tertiary activities   |   D. secondary activities"
165,KEEP,"Consider the following statements: 1. The Sharavati river creates Jog Falls. 2. The Brahmani river is formed by the confluence of the Kosi and Sankh rivers. 3. The Tamraparni is a river of Tirunelveli district of Tamil Nadu. How many of the above statements is/are correct?","A. 1   |   B. 2   |   C. 3   |   D. None"
166,KEEP,"SONAR is a device that is used to measure the distance of underwater objects by a ship. Which of the following types of waves does it use for this purpose?","A. Infrasonic waves   |   B. Sound waves in audible range for human beings   |   C. Ultrasonic waves   |   D. All of the above"
167,KEEP,"Which one of the following statements about the speed of sound waves is not correct?","A. The speed of sound waves in steel is higher than that in water.   |   B. The speed of sound waves in air decreases with increase in temperature.   |   C. The speed of sound waves in air increases with increase in temperature.   |   D. The speed of sound waves in water is higher than that in air."
168,KEEP,"The part of the human ear that converts the pressure variations associated with audible sound waves to electrical signals is","A. auditory nerve   |   B. cochlea   |   C. eardrum   |   D. eustachian tube"
169,KEEP,"Which one of the following metals is most commonly used for making filament of incandescent electric bulbs?","A. Aluminium   |   B. Silver   |   C. Copper   |   D. Tungsten"
170,KEEP,"A bullet of mass 10 g is horizontally fired with velocity 300 m s^-1 from a pistol of mass 1 kg. What is the recoil velocity of the pistol?","A. 0.3 m s^-1   |   B. 3 m s^-1   |   C. -3 m s^-1   |   D. -0.3 m s^-1"
171,KEEP,"A microphone converts","A. electrical signals to sound waves   |   B. sound waves to electrical signals   |   C. microwaves to sound waves   |   D. sound waves to microwaves"
172,KEEP,"I have known her ____ a long time.","A. since   |   B. for   |   C. at   |   D. before"
173,KEEP,"I accepted the offer ____ certain conditions.","A. on   |   B. in   |   C. by   |   D. within"
174,KEEP,"She is a woman ____ humble origin.","A. off   |   B. of   |   C. from   |   D. within"
175,KEEP,"There is no cure ____ the common cold.","A. for   |   B. of   |   C. to   |   D. on"
176,KEEP,"I ran ____ John yesterday, and it was a pleasant surprise.","A. by   |   B. off   |   C. beside   |   D. into"
177,KEEP,"My grandmother enjoyed boating ____ the lovely lake.","A. in   |   B. on   |   C. beside   |   D. within"
178,KEEP,"He visits the needy to relieve them ____ their sufferings and poverty.","A. from   |   B. off   |   C. of   |   D. on"
179,KEEP,"New Zealand is considered part of which one of the following island groups?","A. Micronesia   |   B. Melanesia   |   C. Polynesia   |   D. Hawaii Island chain"
180,KEEP,"According to Article 79 of the Constitution of India, which of the following is/are described as a part of Parliament of India?","A. 1 only   |   B. 1 and 2 only   |   C. 2 and 3 only   |   D. 1, 2 and 3"
181,KEEP,"The Five Year Plan was first launched in","A. China   |   B. USSR   |   C. India   |   D. Bhutan"
182,KEEP,"The call for Garibi Hatao was incorporated in","A. Fourth Five Year Plan   |   B. Fifth Five Year Plan   |   C. Sixth Five Year Plan   |   D. Seventh Five Year Plan"
183,KEEP,"Match List I with List II and select the correct answer using the code given below the Lists: List I (Major Objective) A. Faster and more inclusive growth B. Faster, more inclusive and sustainable growth C. Correction of disequilibrium caused by Second World War D. Attaining self-reliance List II (Five Year Plan) 1. First 2. Fifth 3. Eleventh 4. Twelfth","A. A-3, B-1, C-4, D-2   |   B. A-3, B-4, C-1, D-2   |   C. A-2, B-4, C-1, D-3   |   D. A-2, B-1, C-4, D-3"
184,KEEP,"Which one of the following Directive Principles was inserted by the Constitution (42nd Amendment) Act, 1976?","A. The State shall minimise inequalities in income   |   B. Equal justice and free legal aid   |   C. Promotion of co-operative societies   |   D. Provision for early childhood care"
185,KEEP,"A common High Court for two or more states can be established by","A. a law passed by the Parliament   |   B. an order of the Supreme Court of India   |   C. an order of the President of India   |   D. an amendment to the Constitution of India"
186,KEEP,"In the year 1928, a committee of Congress leaders drafted a Constitution for India. The Committee was headed by","A. Mahatma Gandhi   |   B. T. B. Sapru   |   C. Motilal Nehru   |   D. Jawaharlal Nehru"
187,KEEP,"Which one of the following statements about Jaipal Singh is NOT correct?","A. He was a member of the Constituent Assembly   |   B. He founded the Adivasi Maha Sabha   |   C. He was the captain of the first Indian national hockey team   |   D. He campaigned for a separate state of Chhattisgarh"
188,KEEP,"What is 'Tikki Mausi' in the context of Malnutrition?","A. A specially packaged food item   |   B. A mascot   |   C. Name of a scheme   |   D. Name given to the healthcare providers"
189,KEEP,"Which one of the following is the oldest scientific department of Government of India?","A. Department of Biotechnology   |   B. Survey of India   |   C. India Meteorological Department   |   D. DRDO"
190,KEEP,"Koneru Humpy excels in which one of the following sports?","A. Boxing   |   B. Table Tennis   |   C. Chess   |   D. Billiards"
191,KEEP,"Chalk and marble are different forms of","A. Calcium hydrogen carbonate   |   B. Calcium carbonate   |   C. Calcium acetate   |   D. Sodium carbonate"
192,KEEP,"The number of maximum electrons in N Shell is","A. 2   |   B. 8   |   C. 18   |   D. 32"
193,KEEP,"Vinegar is also known as","A. ethanoic acid   |   B. nitric acid   |   C. sulphuric acid   |   D. tartaric acid"
194,KEEP,"Which of the following statements is NOT correct regarding the travel of sound waves?","A. Sound waves can travel through water   |   B. Sound waves can travel through air   |   C. Sound waves can travel through steel   |   D. Sound waves can travel through vacuum"
195,KEEP,"Deendayal Port is located at","A. Kerala   |   B. Gujarat   |   C. Maharashtra   |   D. Goa"
196,KEEP,"Which one of the following cities is associated with Biosafety Protocol to the Convention on Biological Diversity (2000)?","A. Geneva   |   B. Nairobi   |   C. Cartagena   |   D. Rio de Janeiro"
197,KEEP,"Krishna Raja Sagara Dam/Reservoir is developed on","A. river Krishna   |   B. river Tungabhadra   |   C. river Godavari   |   D. river Kavery"
198,KEEP,"Which one of the following Indian states does NOT share international border with two or more countries?","A. Arunachal Pradesh   |   B. Assam   |   C. Mizoram   |   D. Tripura"
199,KEEP,"According to Census of India, 2011, which one among the following is the least populated state in India?","A. Maharashtra   |   B. Madhya Pradesh   |   C. Odisha   |   D. Punjab"
200,KEEP,"The speakers of major Indian languages belong to how many language families?","A. Two   |   B. Three   |   C. Four   |   D. Six"
201,KEEP,"Where did Gandhiji initially forge the techniques of Satyagraha?","A. England   |   B. South Africa   |   C. North Africa   |   D. India"
202,KEEP,"Who was the Viceroy of India at the time of Gandhiji's Dandi march?","A. Lord Irwin   |   B. Lord Linlithgow   |   C. Lord Reading   |   D. Lord Willingdon"
203,KEEP,"Which one among the following American newsmagazines was highly sceptical of Gandhiji's Dandi march initially but within a week completely changed its opinion and saluted him as a Saint and Statesman?","A. Saturday Evening Post   |   B. Readers Digest   |   C. Time   |   D. Life"
204,KEEP,"In which of the following years were passenger trains introduced in England?","A. 1823   |   B. 1825   |   C. 1848   |   D. 1861"
205,KEEP,"The correct relation between the radius of curvature R and focal length f of a spherical mirror is","A. R = f   |   B. R = 2f   |   C. R = 3f   |   D. R = 4f"
206,KEEP,"A lemon kept in water in a glass tumbler appears to be larger than its actual size. It is because of","A. reflection of light   |   B. scattering of light   |   C. refraction of light   |   D. polarization of light"
207,KEEP,"Light enters the eye through a thin membrane called","A. retina   |   B. cornea   |   C. pupil   |   D. iris"
208,KEEP,"Which one of the following is NOT the reason for the difficulty in estimating the number of languages of the world?","A. New languages continue to be discovered   |   B. There are still unexplored regions   |   C. New languages are considered a dialect of a known language   |   D. By conducting a survey of all languages of the region"
209,KEEP,"Which one of the following is a way to establish the discovery of a new language?","A. By establishing contact over a period of time with the speakers of the language   |   B. By finding the similarities of the language with other languages   |   C. By comparing with the lingua franca of the region   |   D. By conducting a survey of all languages of the region"
210,KEEP,"Which one of the following statements is correct?","A. Language surveys have been conducted by all nations   |   B. There is hardly any language to be discovered in the world   |   C. All the languages are either complete languages or dialects of other major languages   |   D. No new language needs to be discovered since all languages are known to the world"
211,KEEP,"'The people may be known, but the identity of their language may not be,' means","A. People are recognised as different ethnic groups but not necessarily their language   |   B. People are recognised as different ethnic groups and their language is recognised   |   C. People are not recognised as different ethnic groups, and so are their languages   |   D. Because the people are not from different ethnic groups and their language is recognised"
212,KEEP,"Which one of the following words from passage means 'come to be known'?","A. transpire   |   B. lingua franca   |   C. straight   |   D. variant"
213,KEEP,"Which one of the following sentences is correct?","A. He is considered as the brightest intellectual in the country   |   B. He is considered as one among the brightest intellectual in the country   |   C. He is considered as one among the brighter intellectual in the country   |   D. He is considered as one of the intellectual in the country"
214,KEEP,"Which one of the following sentences is correct?","A. No other mountain is taller than the Himalayas   |   B. No other mountain is tall than the Himalayas   |   C. No other mountains taller than the Himalayas   |   D. No other mountain is taller then the Himalayas"
215,KEEP,"Confident and Confidant","A. Confident means certain and confidant means close friend   |   B. Confidant means certain and confident means close friend   |   C. Confident means belief and confidant means an emissary   |   D. Confident means assurance and confidant means intimate person"
216,KEEP,"Broke and brook","A. Broke means abundance and brook means a flowing water body   |   B. Broke means bankrupt and brook means a stream   |   C. Broke means fractured and brook means nonsense   |   D. Broke means negotiate and brook means a stream"
217,KEEP,"Accept and Except","A. Accept means apart from and except means recognise   |   B. Accept means recognise and except means include   |   C. Accept means consent and except means apart from   |   D. Accept means allude and except means apart from"
218,KEEP,"Accord and Accrued","A. Accord means collected and accrued means agreement   |   B. Accord means agreement and accrued means arrived   |   C. Accord means accepted and accrued means received   |   D. Accord means agreement and accrued means accumulated"
219,KEEP,"Guarantee and Warranty","A. Guarantee is an agreement and warranty is a service contract   |   B. Guarantee is a business agreement and warranty is a service contract   |   C. Guarantee is a promise and warranty is a service contract   |   D. Guarantee is acceptance and warranty is a service contract"
220,KEEP,"The Constitution of India ensures proportionate representation from all regions.","A. balanced   |   B. partial   |   C. unlikely   |   D. inevitable"
221,KEEP,"There is a feeling of disenchantment among the members of the group.","A. delight   |   B. disappointment   |   C. idealism   |   D. unrelenting"
222,KEEP,"She believed that it was imminent that he would be chosen as the leader of the group.","A. timely   |   B. distant   |   C. unlikely   |   D. inevitable"
223,KEEP,"The brave soldiers left an indelible impression on the people of the land.","A. permanent   |   B. fleeting   |   C. hilarious   |   D. eradicable"
224,KEEP,"The manager always provides instantaneous replies to all queries.","A. immediate   |   B. delayed   |   C. deliberate   |   D. unwanted"
225,KEEP,"________ your transfer request is concerned, we'll be discussing it at the next meeting.","A. As far as   |   B. To begin with   |   C. By the way   |   D. Talking about"
226,KEEP,"________, did you know Ravi has a new job?","A. For one thing   |   B. By the way   |   C. In the first place   |   D. As a result"
227,KEEP,"________ the wind, it was getting stronger, and I was getting colder.","A. To begin with   |   B. By the way   |   C. First of all   |   D. Speaking of"
228,KEEP,"________, what are you doing in my room?","A. On the other hand   |   B. Excuse me   |   C. Look there   |   D. Eventually"
229,KEEP,"________ an unhappy childhood leads to criminal behaviour.","A. Still if   |   B. Even somewhat   |   C. In some cases   |   D. In progression"
230,KEEP,"________, the problem is nothing but a wrong assumption about processes.","A. In the meanwhile   |   B. Somewhat   |   C. Engagingly   |   D. In other words"
231,KEEP,"Many, ________, hesitate to publicly broach such question for fear of nurturing discrimination.","A. understandably   |   B. despite   |   C. until   |   D. of course"
232,KEEP,"________, one notes that in the nineteenth century an important development of reflection and questioning gained momentum.","A. Particularly speaking   |   B. Generally speaking   |   C. Otherwise   |   D. Of course"
233,KEEP,"________, the situation has completely transformed over the past few years.","A. Somewhat   |   B. Believably   |   C. Thus   |   D. Predominantly"
234,KEEP,"________, the committee is of the opinion that all academic matters will be discussed in the Executive Body Meeting.","A. Hence   |   B. But   |   C. Later   |   D. Although"
235,KEEP,"Cynosure :","A. Person or thing that causes a change   |   B. Person or thing that attracts a lot of attention   |   C. Person or thing regarded as exact copy   |   D. Person or animal that lives in a particular place"
236,KEEP,"Coeval :","A. Person of roughly the same age   |   B. Person or organisation that cooperates with others   |   C. Person employed to drive a private car   |   D. Person employed in taking census"
237,KEEP,"Retrogression :","A. Sudden sharp drop in price   |   B. Reverse pressure   |   C. Return to earlier state   |   D. Sudden occurrence of a past event"
238,KEEP,"Imprest :","A. Surprise attack by people   |   B. Money used to manage small expenses   |   C. Sudden occurrence of laughter   |   D. Sudden increase in activity"
239,KEEP,"Turgid :","A. Determined or loyal   |   B. Dirty or untidy   |   C. Swollen or distended   |   D. Excited or upset"
240,KEEP,"46. There is more than ______ to get the job done.","A. one way   |   B. one ways   |   C. any ways   |   D. any way"
241,KEEP,"47. The class decided to organise ______.","A. picnic   |   B. a picnic   |   C. picnics   |   D. the picnic"
242,KEEP,"48. The accused ______ before the judge.","A. tried   |   B. was trial   |   C. sat trial   |   D. stood trial"
243,KEEP,"49. The manner in which the demolitions have been carried out ______ scrutiny by the High Court.","A. was under   |   B. under   |   C. is under   |   D. however under"
244,KEEP,"50. I ______ consider the opinions of all stakeholders before taking a final decision.","A. will not   |   B. have   |   C. will   |   D. shall"
245,KEEP,"51. Which of the following main industry/industries was/were developed in the second industrial revolution that took place after about 1850?","A. Coal and iron   |   B. Cotton spinning and weaving   |   C. Chemical and electrical   |   D. Steam engines"
246,KEEP,"52. Which among the following materials was used in making the Harappan seals?","A. Sandstone   |   B. Lapis lazuli   |   C. Jasper   |   D. Steatite"
247,KEEP,"53. Which one among the following mahajanapadas in ancient India was an oligarchy?","A. Vajji   |   B. Kosala   |   C. Gandhara   |   D. Magadha"
248,KEEP,"54. Which one of the following sculptures found at Sanchi Stupa is NOT directly inspired by Buddhist ideas?","A. Empty seat   |   B. Shalbhanjika   |   C. Tree   |   D. Wheel"
249,KEEP,"55. In British India, which one among the following Acts permitted detention without trial for up to two years?","A. Regulating Act, 1773   |   B. Rowlatt Act, 1919   |   C. Pitt's India Act, 1784   |   D. Government of India Act, 1935"
250,KEEP,"56. Which one of the following statements about the Bhoodan Movement is correct?","A. The target was to get one-sixth of cultivable land in India as donation   |   B. It was approved through a Central Government Act   |   C. It was ensured that the donated land was free from all litigation   |   D. The first donation of land was in Bihar"
251,KEEP,"57. The Constitution (Seventy-third Amendment) Act provides for","A. an elaborate system of establishing municipal self-government   |   B. an elaborate system of establishing panchayats as units of self-government   |   C. establishing a Commission for Linguistic Minorities   |   D. the creation of the Jharkhand State"
252,KEEP,"60. Which one among the following does NOT figure among the Five Principles of Panchsheel?","A. Mutual respect for each other's territorial integrity and sovereignty   |   B. Equality and mutual benefit   |   C. Peaceful coexistence   |   D. Nuclear non-proliferation"
253,KEEP,"61. Maize (makka) was introduced into India in the seventeenth century via","A. Portugal   |   B. Africa and Spain   |   C. China and Mongolia   |   D. Turkey"
254,KEEP,"62. Match List I with List II and select the answer using the code given below the Lists:  List I (Five Year Plan)  A. Fifth Five Year Plan  B. Seventh Five Year Plan  C. Ninth Five Year Plan  D. Eleventh Five Year Plan  List II (Objective)  1. Towards Faster and More Inclusive Growth  2. Garibi Hatao (Removal of Poverty)  3. Food, Work and Productivity  4. Growth with Social Justice and Equality","A. (a) 1 4 3 2   |   B. (b) 2 3 4 1   |   C. (c) 2 4 3 1   |   D. (d) 1 3 4 2"
255,KEEP,"63. Which of the following statements about Srimanta Shankardeva is/are correct?  1. In the late fifteenth century Shankardeva emerged as one of the leading proponents of Vaishnavism in Assam  2. He was the founder of Gaudiya Vaishnavism  3. His teachings are known as Bhagavati Dharma  4. He encouraged the establishment of satra and naam ghar","A. 1 and 2 only   |   B. 2 and 3 only   |   C. 1, 3 and 4 only   |   D. 1, 2, 3 and 4"
256,KEEP,"64. At which one among the following places did the British East India Company found its factory in the year 1611?","A. Madras   |   B. Masulipatam   |   C. Bombay   |   D. Balasore"
257,KEEP,"65. Chronologically arrange the following political events related to Indian National Movement beginning from the earliest:  1. Formation of Swaraj Party  2. Communal Award  3. Lucknow Pact  4. Simla Conference","A. (a) 3, 1, 2, 4   |   B. (b) 1, 3, 2, 4   |   C. (c) 2, 1, 4, 3   |   D. (d) 1, 2, 3, 4"
258,KEEP,"66. Which among the following Acts provided for the establishment of a Supreme Court of Justice at Calcutta for Europeans, their employees and the citizens of India?","A. The Regulating Act of 1773   |   B. The Charter Act of 1793   |   C. The Charter Act of 1813   |   D. Government of India Act of 1858"
259,KEEP,"67. Who, among the following, has introduced a resolution in 1882 which is also called the Magna Carta of Local Self-Government in India?","A. Lord Macaulay   |   B. Lord Canning   |   C. Lord Ripon   |   D. Lord William Bentinck"
260,KEEP,"68. Which one of the following terms is associated with the practice of Sufism?","A. Jizya   |   B. Ijma   |   C. Muqaddam   |   D. Murid"
261,KEEP,"69. Consider the following features:  1. Consent of the governed  2. Political equality  3. Accountability of the ruled to the ruler  Which of the above feature/features outline democratic rule?","A. 1 and 2 only   |   B. 2 and 3 only   |   C. 1, 2 and 3   |   D. 3 only"
262,KEEP,"70. Placing the earliest first, arrange the following countries in the chronological order in which they granted universal adult franchise:  1. USA  2. Sri Lanka  3. Japan  4. India","A. (a) 1, 2, 3, 4   |   B. (b) 2, 3, 4, 1   |   C. (c) 1, 3, 4, 2   |   D. (d) 3, 4, 1, 2"
263,KEEP,"71. Which one of the following statements is NOT correct?","A. The molecules of soap are sodium or potassium salts of long chain fatty acids   |   B. The molecules of soap contain both hydrophobic and hydrophilic ends   |   C. Detergents are more effective than soaps in hard water   |   D. In micelles the ionic-end of the molecules is towards oil droplet while the other end faces outside"
264,KEEP,"72. Which one of the following statements is correct?","A. A neutron is formed by combination of an electron and a proton. Therefore, it is neutral   |   B. The mass of an electron is about 1/2000 times that of a proton   |   C. An isotope of cobalt is used in the treatment of goiter   |   D. J. J. Thomson proposed that the nucleus of an atom contains only neutrons"
265,KEEP,"73. Which one of the following particles in the nucleus of an atom was discovered by J. Chadwick?","A. Electron   |   B. Proton   |   C. Positron   |   D. Neutron"
266,KEEP,"74. Which one of the following findings is NOT observed in Rutherford's Nuclear Model of Atom?","A. There is a neutral centre in an atom called nucleus   |   B. Nearly all the mass of an atom resides in the nucleus   |   C. The electrons revolve around the nucleus in a circular path   |   D. The size of a nucleus is very small as compared to the size of atom"
267,KEEP,"75. Element X forms a chloride with the formula XCl2, which is a solid with high melting point. X would most likely be in the same group of periodic table as","A. Na   |   B. Al   |   C. Mg   |   D. K"
268,KEEP,"76. Which one of the following oxides is a neutral oxide?","A. CO   |   B. CO2   |   C. Na2O   |   D. MgO"
269,KEEP,"77. Which one of the following is also known as Dry ice in its solid form?","A. SiO2   |   B. CO2   |   C. CaO   |   D. MgO"
270,KEEP,"78. Which one of the following statements is NOT correct?","A. A scale measuring hydrogen ion concentration in a solution is called pH scale   |   B. The higher the hydrogen ion concentration in a solution, higher is its pH   |   C. We can measure pH generally from 0 to 14 on a pH scale   |   D. The 'p' in pH stands for 'potenz' in German meaning power"
271,KEEP,"79. Which one of the following statements is NOT correct?","A. Half mole of nitrogen gas is measured 11.2 litre at STP   |   B. 17 gram of ammonia gas contains 6.022 x 10^23 molecules at STP   |   C. 22.4 litre of CO2 gas at STP contains 44 gram of molecules   |   D. 4 gram of hydrogen gas contains 6.022 x 10^23 molecules"
272,KEEP,"80. Which one of the following statements about a compound is NOT correct?","A. A compound is a substance composed of two or more elements, chemically combined in a fixed proportion   |   B. Properties of a compound are different from its constituent elements   |   C. A compound is an impure substance   |   D. The constituents of a compound can be separated only by chemical or electrochemical reactions"
273,KEEP,"Match List I with List II and select the answer using the code given below the Lists: List I (Chemical Name) | List II (Chemical Formula) A. Washing soda | 1. CaCl2 B. Baking soda | 2. NaHCO3 C. Bleaching powder | 3. Na2CO3·10H2O D. Gypsum | 4. CaSO4·2H2O","A. A-4, B-2, C-1, D-3   |   B. A-4, B-1, C-2, D-3   |   C. A-3, B-1, C-2, D-4   |   D. A-3, B-2, C-1, D-4"
274,KEEP,"Which one of the following nitrogen oxides may dimerize?","A. N2O   |   B. NO2   |   C. N2O3   |   D. N2O5"
275,KEEP,"Which one of the following statements regarding oxidation and reduction reactions is NOT correct?","A. If a substance loses hydrogen during reaction, it is reduced   |   B. If a substance loses oxygen during reaction, it is reduced   |   C. If a substance gains hydrogen during reaction, it is reduced   |   D. If a substance gains oxygen during reaction, it is oxidized"
276,KEEP,"Match List I with List II and select the answer using the code given below the Lists: List I (Physical Quantity) | List II (SI Unit) A. Temperature | 1. Kelvin B. Weight | 2. Kilogram C. Mass | 3. Pascal D. Pressure | 4. Newton","A. A-1, B-2, C-4, D-3   |   B. A-3, B-4, C-2, D-1   |   C. A-1, B-4, C-2, D-3   |   D. A-3, B-2, C-4, D-1"
277,KEEP,"For acid rain, the pH of rain water should be less than","A. 7.0   |   B. 6.6   |   C. 5.6   |   D. 8.0"
278,KEEP,"Consider the following lines of Longitude and Latitude: 1. Prime Meridian 2. Tropic of Cancer 3. Equator Which of the above lines is/are a Great Circle?","A. 1, 2 and 3   |   B. 1 and 2 only   |   C. 1 and 3 only   |   D. 3 only"
279,KEEP,"Which of the following is the correct ascending order of the given minerals in terms of their presence in the Earth's crust? 1. Amphibolite 2. Mica 3. Pyroxene","A. 2, 3, 1   |   B. 1, 2, 3   |   C. 2, 1, 3   |   D. 1, 3, 2"
280,KEEP,"Which of the following is/are the applied forces in mechanical weathering process? 1. Gravitational force 2. Expansion force 3. Force due to water pressure","A. 1 only   |   B. 1 and 2 only   |   C. 2 and 3 only   |   D. 1, 2 and 3"
281,KEEP,"Which of the following is/are cold ocean current/currents? 1. Alaska Current 2. North Atlantic Drift 3. West Wind Drift","A. 1 only   |   B. 1 and 2   |   C. 2 and 3   |   D. 3 only"
282,KEEP,"Which one of the following latitudes will experience a minimum angle of the Sun's rays when it is Summer Solstice in the Northern Hemisphere?","A. Arctic Circle   |   B. Equator   |   C. Tropic of Cancer   |   D. Tropic of Capricorn"
283,KEEP,"Which of the following statements with reference to Coriolis force is/are correct? 1. Coriolis force acts perpendicular to the pressure gradient force 2. At the equator, the Coriolis force is zero and the wind blows perpendicular to the isobars","A. 1 only   |   B. 2 only   |   C. Both 1 and 2   |   D. Neither 1 nor 2"
284,KEEP,"Which of the following statements with reference to Sleet is/are correct? 1. Sleet is frozen raindrops and refrozen melted snow-water 2. It occurs when a layer of air with the temperature below freezing point overlies a warm layer near the ground surface","A. 1 only   |   B. 2 only   |   C. Both 1 and 2   |   D. Neither 1 nor 2"
285,KEEP,"Humid Subtropical Climate is NOT experienced in which one among the following regions?","A. Coastal South Africa   |   B. East coast of Australia   |   C. South Japan   |   D. South Argentina"
286,KEEP,"Mahendragiri, the highest peak of the Eastern Ghats, is located in which one of the following states?","A. Andhra Pradesh   |   B. Odisha   |   C. Telangana   |   D. Tamil Nadu"
287,KEEP,"Temperate forests of South India, known as 'Sholas' are found in which of the following hills? 1. Anaimalai 2. Nilgiris 3. Palani","A. 1 only   |   B. 1 and 2 only   |   C. 2 and 3 only   |   D. 1, 2 and 3"
288,KEEP,"Which one among the following is NOT a major oil field located in Gujarat?","A. Ankleshwar   |   B. Kosamba   |   C. Mehsana   |   D. Moran"
289,KEEP,"As per the Land Revenue Records, any land is categorized as Culturable Waste-Land if it is left fallow (uncultivated) for more than","A. 2 years   |   B. 3 years   |   C. 4 years   |   D. 5 years"
290,KEEP,"Which of the following is NOT included in the National Food Security Mission Commercial Crops (NFSM-CC)?","A. Cotton   |   B. Coffee   |   C. Jute   |   D. Sugar cane"
291,KEEP,"Which of the following statements with reference to L-Wave or Long Wave generated by an earthquake is/are correct? 1. They follow the Earth's circumference 2. They travel at more or less at a constant rate","A. 1 only   |   B. 2 only   |   C. Both 1 and 2   |   D. Neither 1 nor 2"
292,KEEP,"Which one of the following is formed when volcanic ash is carried by running water and is deposited as a sedimentary layer?","A. Basalt   |   B. Lapilli   |   C. Slate   |   D. Tuff"
293,KEEP,"Condensation of water vapour into water is influenced by which of the following factor/factors? 1. Volume of air 2. Humidity 3. Temperature","A. 1 only   |   B. 2 and 3 only   |   C. 1 and 3 only   |   D. 1, 2 and 3"
294,KEEP,"The lactic acid that gets accumulated in the muscle cells during rigorous exercise causing muscle cramps is produced from","A. ATP   |   B. Pyruvate   |   C. Ethanol   |   D. Glucose"
295,KEEP,"A chain of peptide containing linear sequences of amino acid linked by peptide bonds best represent the","A. Primary structure   |   B. Secondary structure   |   C. Tertiary structure   |   D. Quaternary structure"
296,KEEP,"Cambium is an example of","A. Lateral meristem   |   B. Apical meristem   |   C. Intercalary meristem   |   D. Permanent tissue"
297,KEEP,"What happens when the fat and oil containing food materials are left outside for a long time?","A. Fats and oils in the food get oxidized   |   B. Fats and oils in the food get reduced   |   C. Fats and oils in the food get ice-covered   |   D. No reaction takes place"
298,KEEP,"Which is the correct base pairing found in a normal DNA molecule?","A. Adenine pairs with Thymine   |   B. Adenine pairs with Guanine   |   C. Adenine pairs with Cytosine   |   D. Thymine pairs with Guanine"
299,KEEP,"Clotting of blood involves which one among the following clotting proteins?","A. Pathogen   |   B. Fibrinogen   |   C. Macrophage   |   D. Phagocytes"
300,KEEP,"Initial discovery of antibiotic penicillin was done by","A. Francis Crick   |   B. Maurice Wilkins   |   C. Charles Darwin   |   D. Alexander Fleming"
301,KEEP,"The vector of malaria parasites is","A. Male Anopheles mosquito   |   B. Male Culex mosquito   |   C. Female Anopheles mosquito   |   D. Female Culex mosquito"
302,KEEP,"Which of the following pairs is/are correctly matched? 1. Malaria : Mycobacterium 2. TB : Plasmodium","A. 1 only   |   B. 2 only   |   C. Both 1 and 2   |   D. Neither 1 nor 2"
303,KEEP,"Vitamin B1 is also known as","A. Riboflavin   |   B. Thiamin   |   C. Retinol   |   D. Tocopherol"
304,KEEP,"When a solid body is partially or completely immersed in a fluid, the fluid exerts an upward force on the body. The magnitude of the force is equal to 1. the mass of the body 2. the weight of the displaced fluid by the body Which of the above is/are correct?","A. 1 only   |   B. 2 only   |   C. Both 1 and 2   |   D. Neither 1 nor 2"
305,KEEP,"If the length of a copper wire is increased by twice, then its resistivity will be","A. Doubled   |   B. Halved   |   C. Same   |   D. One-fourth"
306,KEEP,"Which one of the following is dimensionless quantity?","A. Stress   |   B. Strain   |   C. Pressure   |   D. Force"
307,KEEP,"A system that does NOT allow exchange of heat with its surrounding is called","A. Adiabatic system   |   B. Non-adiabatic system   |   C. Equilibrium system   |   D. Non-equilibrium system"
308,KEEP,"If the speed of light in carbon disulfide and vacuum is X and Y respectively, then","A. X < Y   |   B. X > Y   |   C. X >= Y   |   D. X = Y"
309,KEEP,"A current through a horizontal power line flows in east to west direction. What will be the direction of magnetic field at a point directly below it when viewed from east end?","A. Clockwise in a plane perpendicular to the wire   |   B. Anti-clockwise in a plane perpendicular to the wire   |   C. Clockwise in a plane of parallel to the wire   |   D. Anti-clockwise in a plane of parallel to the wire"
310,KEEP,"Which one among the following elements is known to be discovered the earliest?","A. Copper   |   B. Gold   |   C. Oxygen   |   D. Uranium"
311,KEEP,"When a light ray passes through from air to water with a non-zero angle the ray will be","A. bending towards the normal   |   B. bending away from the normal   |   C. propagating in straight line   |   D. reflected towards the opposite direction"
312,KEEP,"Which one of the following equations related to the motion of an object is NOT correct? (Symbols carry their usual meanings)","A. s = ut + 1/2at^2   |   B. u = v - at   |   C. u^2 - v^2 = 2as   |   D. Distance travelled during nth second = u + 1/2a(2n - 1)"
313,KEEP,"An object is placed between infinity and the pole (P) of a convex mirror. The position of the image is","A. between pole (P) and the focus (F), behind the mirror   |   B. between the focus (F) and infinity, behind the mirror   |   C. between the pole (P) and the infinity, in front of the mirror   |   D. at the focus (F), behind the mirror"
314,KEEP,"The work done in moving a charge of 2 coulomb (C) from point A to point B is 24 J. What is the potential difference between A and B?","A. 48 V   |   B. 6 V   |   C. 12 V   |   D. 0.08 V"
315,KEEP,"Two conducting wires of the same material and of equal lengths and equal diameters are first connected in parallel and then in series in a circuit across the same potential difference. The ratio of heat produced in parallel and series combinations is","A. 2 : 1   |   B. 4 : 1   |   C. 1 : 2   |   D. 1 : 4"
316,KEEP,"The magnetic field inside a long straight solenoid-carrying current","A. is zero   |   B. decreases as we move towards its end   |   C. increases as we move towards its end   |   D. is uniform inside the solenoid"
317,KEEP,"A car has an initial velocity of 12 m/s and is brought to rest over a distance of 45 m. The acceleration of the car is","A. +1.6 m/s^2   |   B. +3.2 m/s^2   |   C. -1.6 m/s^2   |   D. -0.8 m/s^2"
318,KEEP,"The universal constant of gravitation G has the unit","A. N   |   B. m/s   |   C. Joule   |   D. N-m^2/kg^2"
319,KEEP,"Two bodies of unequal masses are dropped from a tower. At any instant, they have equal","A. Momentum   |   B. Acceleration   |   C. Potential energy   |   D. Kinetic energy"
320,KEEP,"The frequency (f), wavelength (λ) and speed (v) of a sound wave are related as","A. f = vλ   |   B. λ = vf   |   C. f = λ/v   |   D. v = λf"
321,KEEP,"The length of a simple pendulum is increased four times to its previous value while the mass is doubled. What is the ratio of the new and previous time period of the pendulum?","A. 3 : 1   |   B. 2 : 5   |   C. 2 : 1   |   D. 3 : 2"
322,KEEP,"Which one of the following is NOT a basic property of electric charge?","A. Charges can be added   |   B. Charge is conserved   |   C. Charge on a body is always an integral multiple of an electron or a proton charge   |   D. Charges can be created and destroyed in an isolated system"
323,KEEP,"What happens when the sunlight travels through the Earth's atmosphere?","A. The blue colour is scattered more compared to the red colour   |   B. The red colour is scattered more compared to the blue colour   |   C. Both the blue and the red colours are scattered equally   |   D. The blue colour is not scattered but the red colour is scattered the most"
324,KEEP,"When a solid body is partially or completely immersed in a fluid, the fluid exerts an upward force on the body. The magnitude of the force is equal to","A. the mass of the body   |   B. the weight of the displaced fluid by the body   |   C. Both 1 and 2   |   D. Neither 1 nor 2"
325,KEEP,"If the length of a copper wire is increased by twice, then its resistivity will be","A. Doubled   |   B. Halved   |   C. Same   |   D. One-fourth"
326,KEEP,"Which one of the following is dimensionless quantity?","A. Stress   |   B. Strain   |   C. Pressure   |   D. Force"
327,KEEP,"If the speed of light in carbon disulfide and vacuum is X and Y respectively, then","A. X < Y   |   B. X > Y   |   C. X ≥ Y   |   D. X = Y"
328,KEEP,"A current through a horizontal power line flows in east to west direction. What will be the direction of magnetic field at a point directly below it when viewed from east end?","A. Clockwise in a plane perpendicular to the wire   |   B. Anti-clockwise in a plane perpendicular to the wire   |   C. Clockwise in a plane of parallel to the wire   |   D. Anti-clockwise in a plane of parallel to the wire"
329,KEEP,"Which one among the following elements is known to be discovered the earliest?","A. Copper   |   B. Gold   |   C. Oxygen   |   D. Uranium"
330,KEEP,"When a light ray passes through from air to water with a non-zero angle the ray will be","A. bending towards the normal   |   B. bending away from the normal   |   C. propagating in straight line   |   D. reflected towards the opposite direction"
331,KEEP,"Which one of the following equations related to the motion of an object is NOT correct? (Symbols carry their usual meanings)","A. s = ut + 1/2at^2   |   B. u = v - at   |   C. u^2 - v^2 = 2as   |   D. Distance travelled during nth second = u + 1/2a(2n - 1)"
332,KEEP,"Which one of the following statements is NOT correct?","A. An ammeter is always connected in series in the circuit to measure the current   |   B. A Voltmeter is always connected to parallel in a circuit to measure the voltage   |   C. A voltmeter has a high resistance and an ammeter has a low resistance   |   D. A voltmeter has a low resistance and an ammeter has a high resistance"
333,KEEP,"Which one of the following is a non-conventional source of energy?","A. Petroleum   |   B. Natural Gas   |   C. Tidal energy   |   D. Coal"
334,KEEP,"If three resistors of 1 Ohm each connect in parallel to each other the resultant resistance is","A. 1 Ohm   |   B. 1/3 Ohm   |   C. 3 Ohm   |   D. 9 Ohm"
335,KEEP,"We hear an echo due to","A. Refraction of sound waves   |   B. Reflection of sound waves   |   C. Diffraction of sound waves   |   D. Resonance due to sound waves"
336,KEEP,"At uniform speed the acceleration is","A. Maximum   |   B. Minimum   |   C. Zero   |   D. Constant"
337,KEEP,"The 'Jataka Tales' present moral narratives in the form of allegories.","A. aphorisms   |   B. adages   |   C. enjambments   |   D. parables"
338,KEEP,"He was upbraided for appearing in court in a state of inebriation.","A. ululation   |   B. intoxication   |   C. confabulation   |   D. sublimation"
339,KEEP,"The obstreperous behavior of the students inside the classroom drew the attention of the Principal.","A. compliant   |   B. obnoxious   |   C. inconspicuous   |   D. disorderly"
340,KEEP,"These were based primarily in Himachal Pradesh, where the treks were as gruelling as the terrain.","A. rigorous   |   B. egregious   |   C. unctuous   |   D. ominous"
341,KEEP,"I think they would wish for some more adornment around the school campus for the special function.","A. subsummation   |   B. decoration   |   C. coloration   |   D. inculcation"
342,KEEP,"The travel company tried to identify destinations that were off the beaten track.","A. untenanted   |   B. unfrequented   |   C. unattended   |   D. untoward"
343,KEEP,"Women gather in the community park on a regular basis to chant prayers for the benefit of all.","A. confound   |   B. inculcate   |   C. indite   |   D. recite"
344,KEEP,"The HR Manager was able to utilize the specific skills of each member of the team assembled for the project.","A. harness   |   B. harbor   |   C. harangue   |   D. herald"
345,KEEP,"The oppressive pollution was noticed to have abated after the unseasonal rainfall.","A. mitigated   |   B. enhanced   |   C. discontinued   |   D. suppressed"
346,KEEP,"Often, the context and structure of an ambiguous statement is difficult to discern.","A. absolutistic   |   B. explicit   |   C. cryptic   |   D. solipsistic"
347,KEEP,"She had a ruddy, open face and an oddly guileless manner.","A. cacophonous   |   B. cadaverous   |   C. nauseous   |   D. bumptious"
348,KEEP,"He used to be known among his colleagues for his righteousness.","A. iniquity   |   B. ingenuity   |   C. absorptivity   |   D. incredulity"
349,KEEP,"He found the musical rendition by the septuagenarian maestro to be listless.","A. wearying   |   B. unedifying   |   C. unengaging   |   D. scintillating"
350,KEEP,"The official accused of espionage was found to be disingenuous.","A. scrupulous   |   B. duplicitous   |   C. mendacious   |   D. perfidious"
351,KEEP,"The young are easily excitable when presented with strong emotional triggers.","A. composed   |   B. agitated   |   C. aggrieved   |   D. alarmed"
352,KEEP,"Our professor was perplexed by the answers we wrote in the examination.","A. misled   |   B. enlightened   |   C. confused   |   D. befuddled"
353,KEEP,"Effective governance seeks to optimize public resource allocation.","A. upgrade   |   B. rationalize   |   C. maximize   |   D. degrade"
354,KEEP,"The student's striking audaciousness disturbed long-standing social hierarchies on campus.","A. boldness   |   B. fearlessness   |   C. timidness   |   D. insightfulness"
355,KEEP,"There are four concurrent handloom fairs around the city.","A. consecutive   |   B. distributive   |   C. aberrative   |   D. abstersive"
356,KEEP,"Lucidity is a desired quality in effective communication.","A. Clarity   |   B. Felicity   |   C. Facility   |   D. Ambiguity"
357,KEEP,"Nuts and bolts","A. To complete the first step in a process   |   B. To get down to practical details   |   C. To receive harm or punishment for one's actions   |   D. To irritate people and make them go away"
358,KEEP,"Hat in hand","A. With humility   |   B. Easy to use   |   C. Available for anyone   |   D. To marry someone"
359,KEEP,"Straight from the horse's mouth","A. Ready and eager to engage in an activity   |   B. Significantly disturbing business   |   C. Information from reliable and authoritative source   |   D. Sudden feelings of fear and embarrassment"
360,KEEP,"Bite off more than you can chew","A. To suddenly wrap out of conversation   |   B. To try to do more than you can manage   |   C. To do something in the easiest or cheapest way   |   D. To exaggerate something wildly"
361,KEEP,"A piece of cake","A. Something difficult to extract from the original   |   B. Something very difficult to understand   |   C. Something that appears very inviting   |   D. Something very easy to accomplish"
362,KEEP,"He claimed his half share of the booty.","A. Adverb   |   B. Adjective   |   C. Noun   |   D. Determiner"
363,KEEP,"Swimming is a healthy exercise.","A. Verb   |   B. Gerund   |   C. Adjective   |   D. Adverb"
364,KEEP,"I have told you now and again that you must not read such trash.","A. Conjunction   |   B. Preposition   |   C. Noun   |   D. Adverb"
365,KEEP,"He succeeded by dint of perseverance and sheer hard work.","A. Conjunctival phrase   |   B. Adjectival phrase   |   C. Prepositional phrase   |   D. Adverbial phrase"
366,KEEP,"I need you to return those books I lent you last month.","A. Modal   |   B. Determiner   |   C. Noun   |   D. Adjective"
367,KEEP,"I will not pay for the goods","A. till he sends me the bill again   |   B. until he sends me the bill again   |   C. if he sends me the bill again   |   D. unless he sends me the bill again"
368,KEEP,"I did not buy it","A. because I did not like the look of it   |   B. as far as I did not like the look of it   |   C. anyway I did not like the look of it   |   D. if I did not like the look of it"
369,KEEP,"I sent her a bouquet of orchids","A. for which she was absolutely delighted   |   B. with which she was absolutely delighted   |   C. of which she was absolutely delighted   |   D. on which she was absolutely delighted"
370,KEEP,"You must stay inside","A. where it starts raining   |   B. when it starts raining   |   C. because it starts raining   |   D. till it starts raining"
371,KEEP,"We must wait","A. until you see the light turn green   |   B. till you see the green light   |   C. because you can see the green light   |   D. unless you see the red signal"
372,KEEP,"Although it was raining, we had the picnic.","A. Although it was raining, we had the picnic.   |   B. Although it was raining, still we had the picnic.   |   C. Although it was raining, yet we had the picnic.   |   D. Although it was raining, even then we had the picnic."
373,KEEP,"When I arrive, I will call you.","A. When I would arrive, I will call you.   |   B. When I shall arrive, I will call you.   |   C. When I will arrive, I will call you.   |   D. When I arrive, I will call you."
374,KEEP,"Who among you has the answer?","A. Who among you has the answer?   |   B. Whom among you has the answer?   |   C. Whom amongst you has the answer?   |   D. Who amid you has the answer?"
375,KEEP,"No sooner had he reached the station than the train left.","A. No sooner than he reached the station the train left.   |   B. No sooner had he reached the station than the train left.   |   C. No sooner he had reached the station than the train left.   |   D. No sooner had he reached the station then the train left."
376,KEEP,"Hardly had I arrived at the airport when the plane departed.","A. Hardly had I arrived at the airport than the plane departed.   |   B. Scarcely had I arrived at the airport when the plane departed.   |   C. Hardly I had arrived at the airport when the plane departed.   |   D. Scarcely had I arrived at the airport then the plane departed."
377,KEEP,"The project staff are working on the weekend so as not to delay the project any further.","A. The project staff are   |   B. working on the weekend   |   C. so as not to delay   |   D. the project any further."
378,KEEP,"When I saw Arnab he said he had taken his driving test yesterday.","A. When I saw Arnab   |   B. he said he   |   C. had taken his   |   D. driving test yesterday."
379,KEEP,"Of all the players it was Ramesh who plan his tactics with utmost care.","A. Of all the players   |   B. it was Ramesh   |   C. who plan his tactics   |   D. with utmost care."
380,KEEP,"Many people in India are still not aware of India's indigenous fabrics that reflects the rich heritage of craftmanship.","A. Many people in India are   |   B. still not aware   |   C. of India's indigenous fabrics   |   D. that reflects the rich heritage of craftmanship."
381,KEEP,"Meaningful ecological affects of the handloom sector can be optimized through recycling practices.","A. Meaningful ecological   |   B. affects of the handloom   |   C. sector can be optimized   |   D. through recycling practices."
382,KEEP,"Read the following pairs: I. Have one foot in the grave: To be in the last stage of life. II. Get your feet wet: Establish yourself securely in an establishment. III. Follow suit: Correctly conform to another's action. Identify the pair(s) wherein the meaning is correctly stated.","A. (a) I only   |   B. (b) III only   |   C. (c) I and III   |   D. (d) II and III"
383,KEEP,"A pendulum of length L oscillates with an angular amplitude of θ = 60°. Let T0 = 2π√(L/g) be the time period for small angle of oscillations. If air resistance is negligibly small and the string remains straight, then which one of the following is correct?","A. T will be slightly greater than T0.   |   B. T will be slightly smaller than T0.   |   C. T will be exactly equal to T0.   |   D. T will depend upon the mass of the bob."
384,KEEP,"Two forces of equal magnitude simultaneously act at a point. It is observed that the resultant force is equal in magnitude to the individual forces. Which of the following statements is/are correct? I. The angle between one of the individual forces and the resultant force is π/3. II. The angle between the individual forces is 2π/3.","A. I only   |   B. II only   |   C. Both I and II   |   D. Neither I nor II"
385,KEEP,"A solid of mass m has temperature-dependent specific heat as C(T) = C0 + αT, where C0 and α are constants. The solid is heated from T1 to T2. Which one of the following is the correct expression for quantity of heat (Q) of the solid mass?","A. Q = mC0(T2 - T1)   |   B. Q = m(T2 - T1)[C0 + α(T1 + T2)]   |   C. Q = m(T2 - T1)[C0(T1 + T2) + α]   |   D. Q = m(T2 - T1)[C0 + (α/2)(T1 + T2)]"
386,KEEP,"In a certain process, the relation between pressure (P) and volume (V), for an ideal gas, is given by PV^2 = constant. If the initial temperature is T1 and the final temperature is T2; and the initial volume is V1 and the final volume is V2, then which one of the following is correct?","A. T1/T2 = V1/V2   |   B. T1/T2 = (V1/V2)^2   |   C. T1/T2 = V2/V1   |   D. T1/T2 = (V2/V1)^2"
387,KEEP,"For an ideal gas, a process is described by P = kT, where k is a constant. If the molar heat capacity for this process is C, then which one of the following is correct?","A. C = Cp   |   B. C = Cv   |   C. C = (Cp + Cv)/2   |   D. C is never constant"
388,KEEP,"For an object in gravitational field, the gravitational potential is the same at two points A and B, but the gravitational field is not the same at these two points. Which one of the following statements is correct?","A. Positive work is done by gravity in moving the object from point A to point B.   |   B. Negative work is done by gravity in moving the object from point A to point B.   |   C. Gravity must be non-conservative in such a region.   |   D. No work is done by gravity in moving the object from point A to point B."
389,KEEP,"The position vector of a particle is given by r = √3t^2 i + √2t j + √5k. Which one of the following statements is correct?","A. The force acting on the particle is parallel to the instantaneous momentum of the particle.   |   B. The force acting on the particle is perpendicular to the instantaneous momentum of the particle.   |   C. The particle experiences zero force.   |   D. The force acting on the particle is not parallel to the instantaneous momentum of the particle."
390,KEEP,"A ball is dropped from rest from height h above the ground in frame S (the Earth's frame). Another frame S' is moving upwards with constant speed u relative to the Earth. In frame S', the ball has initial downward speed v. Pertaining to the change in kinetic energy (ΔK) of the ball from release to just before hitting the ground as measured in frames S and S' separately, which one of the following is correct?","A. ΔK is the same in both the frames.   |   B. ΔK is larger in frame S.   |   C. ΔK is larger in frame S'.   |   D. ΔK cannot be compared without the information of mass of the ball."
391,KEEP,"A floating body is in stable state. Which one of the following is correct?","A. The centre of gravity of the body is above its centre of buoyancy.   |   B. The centre of gravity of the body is below its centre of buoyancy.   |   C. The centre of gravity of the body coincides with its centre of buoyancy.   |   D. The centre of gravity of the body is below the metacentre."
392,KEEP,"A constant power machine pulls a block on a smooth horizontal surface. Which one of the following correctly describes the relation between speed of the block (v) and time (t)?","A. v ∝ t   |   B. v ∝ √t   |   C. v ∝ t^2   |   D. v ∝ t^3/2"
393,KEEP,"A 5 g piece of ice at -20 °C is put into m kg of water at 30 °C temperature. The heat is exchanged only between the ice and the water. The final temperature of the mixture is 0 °C in liquid phase. What is the value of m in kg?","A. 0.050   |   B. 0.010   |   C. 0.015   |   D. 0.150"
394,KEEP,"A very large container consists of an ideal gas. The speed of sound in the gas is x. When the pressure of the gas is doubled while keeping the temperature constant, the speed of sound now becomes y. What is the ratio of x to y?","A. 1   |   B. √2   |   C. 2   |   D. 4"
395,KEEP,"A person jumps from a height on soft sand. Which one of the following is the correct reason for less likely injury to the person?","A. The sand exerts no reaction force.   |   B. The sand reduces the change in momentum.   |   C. The sand increases the impact time.   |   D. The sand increases the momentum."
396,KEEP,"An object is placed far beyond the centre of curvature of a concave mirror. The object then starts accelerating towards the mirror. Which one of the following is correct?","A. The image will accelerate towards the centre of curvature.   |   B. The image will accelerate towards the focus.   |   C. The image will accelerate towards the pole of the mirror.   |   D. The image will move with a constant speed towards the focus."
397,KEEP,"A particle is moved from point X to point Y under a force field. The work done depends only on the initial and final speeds. Which one of the following is correct?","A. The force is conservative.   |   B. The net work equals the change in kinetic energy.   |   C. The force is constant.   |   D. The velocity must always increase."
398,KEEP,"One year at a planet is 8 times as large as compared to the one year at the Earth. Which one of the following is correct about the planet's orbit?","A. The semimajor axis of the planet's orbit is same as that of the Earth.   |   B. The semimajor axis of the planet's orbit is twice as compared to that of the Earth.   |   C. The semimajor axis of the planet's orbit is thrice as compared to that of the Earth.   |   D. The semimajor axis of the planet's orbit is four times as compared to that of the Earth."
399,KEEP,"A lightning rod with sharp tip reduces damage risk. Which one of the following is the primary reason for it?","A. It attracts lightning directly.   |   B. The sharp tip reduces the local electric field.   |   C. It enhances field and promotes continuous corona discharge.   |   D. It repels charged clouds."
400,KEEP,"A periscope uses two plane mirrors inclined at 45°. If the tube of the periscope is filled with a complete transparent liquid of refractive index 1.5, then which one of the following is correct in respect of the image seen?","A. The image will remain unchanged.   |   B. The image will appear laterally shifted.   |   C. The image will appear 1.5 times brighter.   |   D. The image will appear 1.5 times darker."
401,KEEP,"It has been observed that a mirror always forms the image between the pole and the focus, irrespective of the location of the object. Which one of the following is correct in respect of the nature of the mirror?","A. It is a plane mirror.   |   B. It is a convex mirror.   |   C. It is a concave mirror of small focal length.   |   D. It is a concave mirror of large focal length."
402,KEEP,"What is the upward force acting on a skydiver of mass 60 kg who is falling at a uniform speed of 2 m/s?","A. 0   |   B. 60 N   |   C. 588 N   |   D. 708 N"
403,KEEP,"With respect to electromagnetic waves, the human eye is sensitive to","A. both electric and magnetic fields   |   B. electric field only   |   C. magnetic field only   |   D. infrared part of the electromagnetic spectrum"
404,KEEP,"Three wires each of length L, cross-sectional area A and resistivity ρ are connected as shown in the figure. These are to be replaced by another wire of same resistivity such that the resistance between points X and Z does not change. If L1 is the length and A1 is the cross-sectional area of the new wire, then which one among the following is correct?","A. L1 = 3L and A1 = 2A   |   B. L1 = L and A1 = A   |   C. L1 = 2L and A1 = 3A   |   D. L1 = 2L and A1 = 2A"
405,KEEP,"A light ray is falling on a face of an equilateral glass prism as shown in the figure. Which one of the following diagrams correctly shows the complete path of the ray through the glass prism?","A. (a)   |   B. (b)   |   C. (c)   |   D. (d)"
406,KEEP,"A glass slab of refractive index 1.5 is cut in the shape of a parallelepiped ABCD as shown in the figure. Surface BC is polished to form a perfect reflector. Light is incident at surface AB from inside at an angle π/3. Which one of the following is the correct angle ABC (θ) such that the reflected light retraces its path?","A. π/6   |   B. π/3   |   C. π/4   |   D. 5π/12"
407,KEEP,"The force-time (F-t) graph of a 10 kg moving object is shown below: What is the final speed of the object?","A. 0   |   B. 15 m/s   |   C. 30 m/s   |   D. 40 m/s"
408,KEEP,"If x is the number of electrons and y is the number of nucleons present in 32/16 S^2-, then which one of the following is correct?","A. x = 14 and y = 32   |   B. x = 16 and y = 30   |   C. x = 18 and y = 32   |   D. x = 18 and y = 30"
409,KEEP,"Which one of the following forms of carbon is thermodynamically most stable?","A. Coal   |   B. Graphite   |   C. Diamond   |   D. Fullerene"
410,KEEP,"Consider the following statements: I. A colloid and a suspension are heterogeneous mixtures. II. Colloids can be separated from the mixture by the process of centrifugation. III. Particles of colloids and suspensions can be seen by naked eye. IV. The aqueous solution of copper sulphate does not show Tyndall effect; however, the mixture of milk and water shows Tyndall effect. Which of the statements given above is/are correct?","A. I only   |   B. II and III only   |   C. I, II and III   |   D. I, II and IV"
411,KEEP,"A non-volatile solid solute may be separated from a solution by which of the following processes? I. Evaporation II. Crystallization","A. I only   |   B. II only   |   C. Both I and II   |   D. Neither I nor II"
412,KEEP,"Which of the following are oxidation reactions? I. Rusting of iron II. Burning of fuel III. Rancidity of oils and fats IV. Browning of fruits","A. I, II and III only   |   B. I, II and IV only   |   C. III and IV only   |   D. I, II, III and IV"
413,KEEP,"Consider the following statement: ""Acids are substances that dissociate in water to give hydrogen ions H+ (aq), and bases are substances that produce hydroxyl ions OH- (aq)."" The above statement is based on which one of the following concepts?","A. Brønsted-Lowry concept   |   B. Lewis acid-base concept   |   C. Arrhenius concept   |   D. Conjugate acid-base concept"
414,KEEP,"Superphosphate of lime—a phosphate fertilizer—is obtained by the reaction of","A. calcium phosphate with sodium hydroxide   |   B. calcium phosphate with sulphuric acid   |   C. calcium phosphate with hydrogen chloride   |   D. calcium phosphate with nitric acid"
415,KEEP,"1.7 g of silver nitrate is dissolved in 100 g of water, and 0.585 g of sodium chloride is dissolved in 100 g of water. Both are mixed and a chemical reaction occurs. 1.435 g of silver chloride and 0.85 g of sodium nitrate are formed. Which law of chemical combination is shown by the above reaction?","A. Law of multiple proportions   |   B. Law of conservation of mass   |   C. Law of reciprocal proportions   |   D. Law of constant proportions"
416,KEEP,"Consider the following pairs: I. Pigment : TiO2 II. Drier : Turpentine III. Thinner : Naphthenates IV. Antiskinning agent : Polyhydroxy phenol How many of the pairs given above are correctly matched?","A. One   |   B. Two   |   C. Three   |   D. All the four"
417,KEEP,"Consider the following statements: I. Pine oil is used as antifoaming agent in the emulsion paints. II. Protective colloids are used in the emulsion paints to decrease their stability. III. Driers having oxidizable oils are added to the emulsion paints to accelerate drying process. Which of the statements given above is/are correct?","A. I and II   |   B. I only   |   C. II and III   |   D. I and III"
418,KEEP,"Consider the following: I. AlCl3 II. NH3 III. BF3 IV. FeCl3 How many of the above are Lewis acids?","A. One   |   B. Two   |   C. Three   |   D. All the four"
419,KEEP,"Consider the following statements: I. Soaps are sodium or potassium salts of long-chain carboxylic acids. II. The properties of catenation and isomerism in the element carbon are attributed to existence of large number of organic compounds than inorganic compounds. III. Carbon dioxide is acidic but carbon monoxide is neutral molecule. Which of the statements given above are correct?","A. I and II only   |   B. II and III only   |   C. I and III only   |   D. I, II and III"
420,KEEP,"Which of the following is/are the physical test(s) employed for the manufacture of paper? I. Mechanical and strength properties II. Surface properties III. Optical properties IV. Permeability to fluids Select the correct answer using the code given below.","A. I only   |   B. II and III only   |   C. I, II and III only   |   D. I, II, III and IV"
421,KEEP,"Consider the following pairs of reactions and properties: I. Fe(s) + 2HCl(aq) -> FeCl2(aq) + H2(g) : Fe is reductant II. Zn(s) + CuSO4(aq) -> ZnSO4(aq) + Cu(s) : Cu is being reduced III. Br2(l) + 2I-(aq) -> 2Br-(aq) + I2(s) : Br2 is reductant IV. CH4(g) + 2O2(g) -> CO2(g) + 2H2O(l) : C atom in CH4 is oxidized Which of the above pairs are correct?","A. I and II only   |   B. II, III and IV   |   C. I, II and IV   |   D. I, III and IV"
422,KEEP,"Which of the following properties of alveoli is/are helpful in gaseous exchange during respiration in human beings? I. The epithelial lining of alveoli is very thin. II. Elastic fibres are present in alveolar wall. III. Wall of alveoli is surrounded by many blood capillaries. Select the correct answer using the code given below.","A. I and II only   |   B. I and III only   |   C. III only   |   D. I, II and III"
423,KEEP,"Which of the following tissues in plants is usually without protoplast and regarded as dead cells?","A. Collenchyma   |   B. Parenchyma   |   C. Sclerenchyma   |   D. Xylem parenchyma"
424,KEEP,"In which cell does the first meiotic cell division take place during the process of spermatogenesis?","A. Spermatogonium   |   B. Primary spermatocyte   |   C. Secondary spermatocyte   |   D. Sertoli cell"
425,KEEP,"Consider the following statements in respect of cell and its structure: I. All cells possess cell wall. II. All cells have ribosomes present inside. III. All cells have well-organized nucleus. IV. All cells have linear DNA molecules present in them. Which of the statements given above is/are correct?","A. II and III   |   B. II only   |   C. II and IV   |   D. I and III"
426,KEEP,"Which part of the plant or flower contributes in the form of false fruit like apple?","A. Petal   |   B. Sepal   |   C. Stamen   |   D. Thalamus"
427,KEEP,"In which of the following parts of organisms, the process of gaseous exchange during respiration does not take place?","A. Skin of earthworms   |   B. Bronchi of humans   |   C. Gills of Pila   |   D. Alveoli of humans"
428,KEEP,"Which one of the following parts of an ovule possesses reserve food?","A. Integument   |   B. Funicle   |   C. Chalaza   |   D. Nucellus"
429,KEEP,"Which one of the following respiratory volumes of human lung is the lowest?","A. Residual volume   |   B. Tidal volume   |   C. Inspiratory reserve volume   |   D. Expiratory reserve volume"
430,KEEP,"Which one of the following valves guards the opening between the right ventricle and the pulmonary artery?","A. Bicuspid valve   |   B. Semilunar valve   |   C. Mitral valve   |   D. Tricuspid valve"
431,KEEP,"Consider the following statements: I. Earthquake waves are basically of two types, namely body waves and surface waves. II. The body waves interact with the surface rocks and generate surface waves. Which of the statements given above is/are correct?","A. I only   |   B. II only   |   C. Both I and II   |   D. Neither I nor II"
432,KEEP,"Consider the following statements regarding the Earth's crust: I. The continental crust is thinner under fold mountains. II. The mean thickness of ocean crust is 30 km. III. The Earth's crust is brittle in nature. Which of the statements given above is/are correct?","A. I only   |   B. I and II   |   C. III only   |   D. I, II and III"
433,KEEP,"Which of the following are associated with composite volcanoes? I. They result in explosive eruptions. II. They eject pyroclastic materials. III. Pyroclastic materials and ashes accumulate near the vent, forming layers. Select the correct answer using the code given below.","A. I and II only   |   B. II and III only   |   C. I and III only   |   D. I, II and III"
434,KEEP,"Loose sediments are transformed into sedimentary rocks by the process of","A. lithification   |   B. weathering   |   C. mass wasting   |   D. solifluction"
435,KEEP,"Consider the following statements about temperature inversion: I. This happens when normal lapse rate gets inverted. II. Winter nights with cloudy skies are conducive for temperature inversion. III. Polar areas experience inversion throughout the year. Which of the statements above are correct?","A. I and II only   |   B. II and III only   |   C. I and III only   |   D. I, II and III"
436,KEEP,"Consider the following statements regarding extratropical cyclones: I. They usually develop in the mid and high latitudes. II. They affect a much larger area as compared to tropical cyclone. III. They move from east to west. Which of the statements above are correct?","A. I and II only   |   B. II and III only   |   C. I and III only   |   D. I, II and III"
437,KEEP,"Consider the following pairs: Types of Chemical Weathering : Characteristics I. Solution : Results in leaching of minerals II. Carbonation : Helps in breaking down feldspars III. Hydration : Causes an increase in the volume of rocks IV. Oxidation : Changes the colour of rocks How many pairs given above are correctly matched?","A. One   |   B. Two   |   C. Three   |   D. All the four"
438,KEEP,"Consider the following statements regarding hypocentre: I. It is the point where the energy is released and is called the focus of an earthquake. II. It is the point where the earthquake starts and may be many kilometers deep within the Earth. Which of the statements given above is/are correct?","A. I only   |   B. II only   |   C. Both I and II   |   D. Neither I nor II"
439,KEEP,"Consider the following statements: I. In a seismograph, P waves are recorded earlier than S waves. II. In P waves, the individual particles vibrate to and fro in the direction of wave propagation whereas in S waves, the particles vibrate up and down at right angles to the direction of wave propagation. Which of the statements given above is/are correct?","A. I only   |   B. II only   |   C. Both I and II   |   D. Neither I nor II"
440,KEEP,"Consider the following statements in case of terrestrial planets: I. Mercury, Venus, Earth and Mars are terrestrial planets having low densities as compared to other planets. II. They lie between the Sun and the belt of asteroids. III. Their lower gravity can hold the escaping gases. Which of the statements given above is/are correct?","A. I and II   |   B. II and III   |   C. I and III   |   D. II only"
441,KEEP,"Consider the following pairs: Layers of Atmosphere : Characteristics I. Troposphere : Absorbs ultraviolet radiation II. Stratosphere : Changes in weather and climate III. Mesosphere : Reflects radio waves back to the Earth How many of the pairs given above are correctly matched?","A. None   |   B. One   |   C. Two   |   D. All the three"
442,KEEP,"Consider the following pairs: Books | Authors I. Dayabhaga | Jimutavahana II. Prithviraj Raso | Chandbardai III. Lilavati | Bhaskaracharya IV. Mitakshara | Vijnaneshvara How many pairs given above are correctly matched?","A. One   |   B. Two   |   C. Three   |   D. All the four"
443,KEEP,"Consider the following pairs: Inventions | Inventors I. Flying shuttle loom | John Kay II. Water frame | James Hargreaves III. Spinning jenny | Richard Arkwright How many of the pairs given above are correctly matched?","A. One   |   B. Two   |   C. All the three   |   D. None"
444,KEEP,"Consider the following statements in respect of the Rowlatt Act of 1919: I. Gandhiji launched a nationwide Satyagraha against the proposed Rowlatt Act, 1919. II. The Act had been hurriedly passed through the Imperial Legislative Council despite the opposition of Indian members. III. The Act gave the Government enormous powers to repress political activities. Which of the statements given above is/are correct?","A. I only   |   B. III only   |   C. I and II only   |   D. I, II and III"
445,KEEP,"Consider the following statements regarding the Industrial Revolution in Britain: I. There was availability of banks which could loan money to set up industries. II. There was a good transport network. Which of the statements given above is/are correct?","A. I only   |   B. II only   |   C. Both I and II   |   D. Neither I nor II"
446,KEEP,"Consider the following statements regarding the Russian Revolution: I. The incident known as 'Bloody Sunday' started a series of events known as the 1905 Revolution. II. Lawyers, doctors, engineers and other middle-class workers established the Union of Unions and demanded a Constituent Assembly. Which of the statements given above is/are correct?","A. I only   |   B. II only   |   C. Both I and II   |   D. Neither I nor II"
447,KEEP,"Who among the following advocated the construction of initial railways in India for facilitating army movement?","A. Lord Dalhousie   |   B. Lord Lytton   |   C. Winston Churchill   |   D. Lord Wellesley"
448,KEEP,"The large well supplying water to the Great Bath of Mohenjo-daro was located","A. near the drain of the tank   |   B. at the top of one of the staircases   |   C. in one of the adjoining rooms on the eastern side   |   D. at the bottom of the tank in a corner"
449,KEEP,"If you like to visit famous Jain pilgrimage sites, which of the following towns you will have to travel to? I. Moodabidri II. Madurai III. Sonagiri Select the correct answer using the code given below.","A. I and II only   |   B. I and III only   |   C. II and III only   |   D. I, II and III"
450,KEEP,"Consider the following statements with regard to bead production in Harappan towns: I. The materials used to make beads included carnelian, quartz and steatite. II. The beads were cylindrical, barrel-shaped and disc-shaped. III. Specialized stone drills were used for making holes through the beads. Which of the statements given above are correct?","A. I and II only   |   B. II and III only   |   C. I and III only   |   D. I, II and III"
451,KEEP,"Consider the following statements: I. The Second Five-Year Plan sought to promote development which would establish socialistic pattern of society in India. II. Between 1966 and 1969, three Annual Plans were formulated. III. The Ninth Five-Year Plan could not take off at its stipulated time in the 60th year of India's Independence. Which of the statements given above are correct?","A. I and II only   |   B. I and III only   |   C. II and III only   |   D. I, II and III"
452,KEEP,"With reference to the Constitution of India, consider the following statements about the Comptroller and Auditor General (CAG) of India: I. The CAG shall be appointed by the President of India. II. The CAG is not eligible for further office under the Government of India after he has ceased to hold his office. III. The reports of the CAG relating to the accounts of the Union shall be submitted to the Prime Minister who shall cause them to be laid before the House of the People. Which of the statements given above are correct?","A. I and II only   |   B. II and III only   |   C. I and III only   |   D. I, II and III"
453,KEEP,"Consider the following offices: I. The Vice President of India II. The Governors within their respective States III. The Prime Minister of India IV. The Speaker of the Lok Sabha Which one of the following options represents the correct order of these offices for ceremonial occasions in the Table of Precedence as approved by the President of India?","A. III, I, II, IV   |   B. I, III, II, IV   |   C. I, III, IV, II   |   D. III, I, IV, II"
454,KEEP,"Consider the following pairs with reference to the Constitution of India: I. Part IX A : The Municipalities II. Part IX B : The Cooperative Societies III. Part X : Relations between the Union and States IV. Part XII : Finance, Property, Contracts and Suits How many of the pairs given above are correctly matched?","A. One   |   B. Two   |   C. Three   |   D. All the four"
455,KEEP,"Consider the following statements: I. A Money Bill shall not be introduced in the Rajya Sabha. II. The Rajya Sabha has no power to reject a Money Bill but can suggest amendment(s). Which of the statements given above is/are correct?","A. I only   |   B. II only   |   C. Both I and II   |   D. Neither I nor II"
456,KEEP,"Consider the following statements: I. The Constitution of India mentions that the Speaker has the power to adjourn both the Houses sine die. II. On prorogation, it is only the Speaker who can summon the Houses. Which of the statements given above is/are correct?","A. I only   |   B. II only   |   C. Both I and II   |   D. Neither I nor II"
457,KEEP,"2. His words were vague","A. identical   |   B. obscure   |   C. precise   |   D. imperceptible"
458,KEEP,"3. She performed all her duties conscientiously","A. assiduously   |   B. carelessly   |   C. painstakingly   |   D. scrupulously"
459,KEEP,"4. These risks are incidental to the work of a firefighter","A. essential   |   B. adventitious   |   C. serendipitous   |   D. subsidiary"
460,KEEP,"5. She has always been disdainful of poor people","A. reverential   |   B. derisive   |   C. supercilious   |   D. insolent"
461,KEEP,"Directions: In this section, there is a passage that has some blank spaces, each with four words or group of words. Select whichever word or group of words you consider the most appropriate for the blank space and indicate your response on the Answer Sheet accordingly.  Most of our food comes from agriculture, so we tend to believe that it is ________ 6. of natural biota.","A. independent   |   B. dependent   |   C. relevant   |   D. consequent"
462,KEEP,"7. ________ plants and animals","A. the   |   B. both   |   C. some   |   D. among"
463,KEEP,"8. ________ to the rigours of natural selection.","A. had been continuously subjected   |   B. will be continuously subject   |   C. continuously subjected   |   D. are continuously subjected"
464,KEEP,"9. Only the fittest survive. ________","A. Consequently   |   B. Inadvertently   |   C. Although   |   D. Since"
465,KEEP,"10. wild populations have numerous traits for competitiveness, resistance to parasites, ________ to adverse conditions,","A. withdrawal   |   B. tolerance   |   C. adaptable   |   D. compliance"
466,KEEP,"11. ________ other aspects of vigour.","A. and   |   B. with   |   C. by   |   D. upon"
467,KEEP,"12. In contrast, populations grown for many ________","A. eras   |   B. epochs   |   C. periods   |   D. generations"
468,KEEP,"13. under the pampered conditions of agriculture tend to lose these traits, because they ________ for production, not resilience.","A. had selected   |   B. have selected   |   C. are selected   |   D. might select"
469,KEEP,"14. For example, a high-producing plant ________ lacks resistance to drought is","A. whichever   |   B. whom   |   C. that   |   D. whenever"
470,KEEP,"15. ________ and the resistance to drought is ignored.","A. heated   |   B. irrigated   |   C. showered   |   D. deserted"
471,KEEP,"Directions: Each of the following items features one part of a sentence followed by four alternatives. Complete the sentence by choosing the correct alternative.  16. Preeti suggests","A. that I ask to your advice   |   B. that I had asked your advice   |   C. that I can have asked your advice   |   D. that I ask your advice"
472,KEEP,"17. We saw","A. the older of all monuments in the city   |   B. the old of all monuments in the city   |   C. the oldest monument in the city   |   D. an oldest of all monuments in the city"
473,KEEP,"18. Since you have been touring all day","A. you must be tired   |   B. you ought to have been tired   |   C. you could had been tired   |   D. you might not be tired"
474,KEEP,"19. His condition is serious, but","A. it should be worse   |   B. it ought to be worse   |   C. it could be worse   |   D. it had been going to be worse"
475,KEEP,"20. I hope the bus comes soon because","A. we waited for half an hour   |   B. we have been waiting for half an hour   |   C. we waiting for half an hour   |   D. we could have been waiting for half an hour"
476,KEEP,"21. Someone","A. has spilt juice on the sofa   |   B. should have spilt juice on the sofa   |   C. have spilt juice on the sofa   |   D. would spilt juice on the sofa"
477,KEEP,"22. What would you do","A. if you found your lost toy ?   |   B. if you will have found your lost toy ?   |   C. if you would found your lost toy ?   |   D. if you have find your lost toy ?"
478,KEEP,"23. If I were you","A. I shouldn't buy that dress   |   B. I wouldn't buy that dress   |   C. I weren't buying that dress   |   D. I mustn't buying that dress"
479,KEEP,"24. I wish","A. I could help you   |   B. I ought to help you   |   C. I did help you   |   D. I must help you"
480,KEEP,"25. The efforts of the security services have not been quite","A. upto the incredibility   |   B. up-take   |   C. up-tight   |   D. upto the mark"
481,KEEP,"Directions: Given below are some idioms/phrases followed by four alternative meanings to each. Select the response (a), (b), (c) or (d), which is the most appropriate meaning and mark your response on the Answer Sheet accordingly.  26. A white lie","A. An offensive way of describing something   |   B. To do something completely impossible   |   C. A lie that is absolutely and universally true   |   D. A lie that you tell to avoid hurting someone"
482,KEEP,"27. Bad blood","A. Feelings of hatred between people   |   B. A situation which goes from bad to worse   |   C. A fatal accident   |   D. To accept the unpleasant situation"
483,KEEP,"28. Count your blessings","A. to start to understand how badly something has affected you   |   B. an event which gradually becomes worse   |   C. to be grateful for good things in your life   |   D. something that you say in order to warn someone"
484,KEEP,"29. Have the last laugh","A. to be the worst example of something   |   B. to succeed when others thought that you would not   |   C. to solve all the problems of life   |   D. to laugh at someone secretly"
485,KEEP,"30. Sit on the fence","A. to make someone suddenly notice you   |   B. to fail completely   |   C. to delay making a decision   |   D. to behave very badly"
486,KEEP,"Directions: Each of the following sentences has word(s) underlined. Read the sentence carefully and find which word class the underlined word(s) belong(s) to. Indicate your response on the Answer Sheet accordingly.  36. Adders are the only poisonous snakes found across Britain","A. Noun   |   B. Adjective   |   C. Adverb   |   D. Determiner"
487,KEEP,"37. She spoke to him once since he has been in town","A. Adjective   |   B. Adverb   |   C. Conjunction   |   D. Preposition"
488,KEEP,"38. I don't really want to go. Besides, it's too late now","A. Adjective   |   B. Adverb   |   C. Preposition   |   D. Conjunction"
489,KEEP,"39. Look at that man over there","A. Adverb   |   B. Conjunction   |   C. Determiner   |   D. Article"
490,KEEP,"40. The plane is ready for take-off","A. Noun   |   B. Conjunction   |   C. Verb   |   D. Gerund"
491,KEEP,"Sages and seers have cautioned that the path towards enlightenment is full of illusory traps","A. reasoned   |   B. admitted   |   C. warned   |   D. refused"
492,KEEP,"The officer reported the details of the mission in a monotonous manner","A. dull   |   B. happy   |   C. disturbed   |   D. enthusiastic"
493,KEEP,"There are many elusive questions in philosophy","A. clear   |   B. baffling   |   C. paramount   |   D. truthful"
494,KEEP,"Cleaning this mess is a mammoth task","A. huge   |   B. quick   |   C. easy   |   D. intelligent"
495,KEEP,"The police department's image was tarnished after the high-profile murder case","A. enhanced   |   B. tainted   |   C. restored   |   D. assigned"
496,KEEP,"Which one of the following statements about lysosomes is NOT correct?","A. They are waste disposal system of the cell   |   B. They breakdown all inorganic materials   |   C. These are also referred to as 'suicidal bags'   |   D. Lysosomes stop entry of foreign materials"
497,KEEP,"Which of the following two cell organelles have their own genetic material?","A. Endoplasmic reticulum and plastids   |   B. Endoplasmic reticulum and mitochondria   |   C. Mitochondria and plastids   |   D. Lysosomes and Golgi apparatus"
498,KEEP,"Which one among the following tissues help to connect two bones?","A. Tendons   |   B. Ligaments   |   C. Areolar tissue   |   D. Cartilage"
499,KEEP,"Which one among the following is the source of energy in cells?","A. ADP   |   B. ATP   |   C. AMP   |   D. NAD"
500,KEEP,"In which one among the following the vegetative propagation takes place through Eye Buds?","A. Potato   |   B. Ginger   |   C. Onion   |   D. Sugarcane"
501,KEEP,"The intermixing of particles of two different types of matter on their own is called","A. Osmosis   |   B. Brownian motion   |   C. Diffusion   |   D. Conductance"
502,KEEP,"Which one among the following separation techniques is used for blood tests in diagnostic laboratories?","A. Filtration   |   B. Chromatography   |   C. Centrifugation   |   D. Crystallization"
503,KEEP,"Which one among the following elements is polyatomic?","A. Phosphorus   |   B. Sulphur   |   C. Chlorine   |   D. Aluminium"
504,KEEP,"Which of the following anions has a valency of -3?","A. Nitride   |   B. Nitrate   |   C. Sulphide   |   D. Sulphate"
505,KEEP,"The mass of 0.5 mole of N2 gas is","A. 7 g   |   B. 14 g   |   C. 21 g   |   D. 28 g"
506,KEEP,"The chemical reaction: 2AgCl (s) -> 2Ag (s) + Cl2 (g) takes place","A. in dark   |   B. in sunlight   |   C. on heating   |   D. under high pressure"
507,KEEP,"Which one among the following is commonly used as an 'anti-skinning agent' in paints?","A. Gelatin   |   B. N-methyl pyrrolidone   |   C. Pyridine   |   D. Polyhydroxy phenol"
508,KEEP,"Two resistances of 5.0 Ω and 7.0 Ω are connected in series and the combination is connected in parallel with a resistance of 36.0 Ω. The equivalent resistance of the combination of three resistors is","A. 24.0 Ω   |   B. 12.0 Ω   |   C. 9.0 Ω   |   D. 6.0 Ω"
509,KEEP,"Shown in the figure are two hollow cubes C1 and C2 of negligible mass partially filled (depicted by darkened area) with liquids of densities ρ1 and ρ2, respectively, floating in water (density ρw). The relationship between ρ1, ρ2 and ρw is","A. ρ2 < ρw < ρ1   |   B. ρ2 < ρ1 < ρw   |   C. ρ1 < ρ2 < ρw   |   D. ρ1 < ρw < ρ2"
510,KEEP,"An astronaut whose weight on the Earth is 600 N experiences weightlessness on International Space Station orbiting around the Earth. It means that","A. acceleration of the astronaut is zero   |   B. normal reaction of the space-station floor on the astronaut is zero   |   C. gravitational pull of earth on the astronaut is zero   |   D. space station applies a centrifugal force on the astronaut"
511,KEEP,"Which one among the following figures correctly represents the ray diagram? (Consider the lens to be thin)","A. Figure (a)   |   B. Figure (b)   |   C. Figure (c)   |   D. Figure (d)"
512,KEEP,"Lightning is due to","A. The flow of charges between different parts of the cloud   |   B. The short-circuiting of charges between the upper and lower surfaces of the cloud   |   C. The collection of positively charged particles on the base and collection of negatively charged particles at the top of the cloud   |   D. The induction of positive charge on the ground below the negative charge at the base of the cloud"
513,KEEP,"In which one among the following situations, the bulb would glow the most? (Consider all batteries are the same)","A. Figure (a)   |   B. Figure (b)   |   C. Figure (c)   |   D. Figure (d)"
514,KEEP,"Which one among the following diagrams may correctly represent the motion of a skydiver during a jump?","A. Figure (a)   |   B. Figure (b)   |   C. Figure (c)   |   D. Figure (d)"
515,KEEP,"Which one of the following sketches correctly describes a lever of second class?","A. Figure (a)   |   B. Figure (b)   |   C. Figure (c)   |   D. Figure (d)"
516,KEEP,"For an electric circuit given below, the correct combination of voltage (V) and current (I) is","A. V = 900 V; I = 18 A   |   B. V = 300 V; I = 5.5 A   |   C. V = 600 V; I = 1 A   |   D. V = 300 V; I = 2 A"
517,KEEP,"Taxila was the capital of which one among the following Mahajanapadas of ancient India?","A. Kuru   |   B. Kasi   |   C. Gandhar   |   D. Avanti"
518,KEEP,"Who among the following was the last Governor-General of India before the office was permanently abolished?","A. Lord Mountbatten   |   B. Chakravarti Rajagopalachari   |   C. Lord Wavell   |   D. Lord Linlithgow"
519,KEEP,"Which among the following statements with regard to Five Year Plans in India is/are correct?","A. The First and Ninth five year plans accorded high priority to agriculture   |   B. The Third Plan was based on the Harrod-Domar Model   |   C. Seventh Plan focused on food, work and productivity   |   D. The Ninth five year plan emphasized on massive investments in public sector"
520,KEEP,"Before the inception of the First Five year Plan, which among the following Plans were initiated in India?","A. Bombay Plan   |   B. Peoples Plan   |   C. Sarvodaya Plan   |   D. Gandhian Plan"
521,KEEP,"Any land that is left fallow for more than five years is termed as","A. Current fallow   |   B. Fallow other than current fallow   |   C. Culturable waste land   |   D. Barren and waste land"
522,KEEP,"Which statement is NOT correct with reference to Andaman and Nicobar Islands?","A. Climate is humid, tropical coastal climate   |   B. Maximum rainfall occurs between March and April   |   C. Andaman and Nicobar islands are separated by 10 degree Channel which is 150 Km wide   |   D. Islands are inhabited by Negrito tribes"
523,KEEP,"Which one among the following local winds is NOT related to Mediterranean Sea?","A. Harmattan   |   B. Khamsin   |   C. Sirocco   |   D. Mistral"
524,KEEP,"Which one among the following is a landlocked water body?","A. Mediterranean Sea   |   B. Black Sea   |   C. Red Sea   |   D. Caspian Sea"
525,KEEP,"Which one among the following statements with reference to Benguela current is NOT correct?","A. It influences the climate of the West coast of North Africa   |   B. It is a cold current   |   C. Its direction is from South to North   |   D. It flows in the Atlantic Ocean"
526,KEEP,"The lowest part of most bolsons is occupied by a landform called playa. Which category of landform does it represent?","A. Fluvial landforms   |   B. Arid landforms   |   C. Glacial landforms   |   D. Periglacial landforms"
527,KEEP,"Which one among the following diseases is caused due to deficiency of Vitamin D in humans?","A. Beriberi   |   B. Scurvy   |   C. Rickets   |   D. Pneumonia"
528,KEEP,"Which one among the following combinations most appropriately represent the components of balanced diet?","A. Carbohydrate, vitamins, proteins, fat, minerals, fibres and water   |   B. Carbohydrate, vitamins, proteins, fat and minerals   |   C. Carbohydrate, vitamins, protein, minerals and water   |   D. Vitamins, protein, fat, minerals, fibres and water"
529,KEEP,"In which part or organ of human body cartilage is NOT found?","A. Nose   |   B. Trachea   |   C. Bronchiole   |   D. Knee joint"
530,KEEP,"Which part of nephron of the human kidney is responsible for filtration of blood for excretion?","A. Collecting duct   |   B. Renal vein   |   C. Ureter   |   D. Bowman's capsule"
531,KEEP,"Organisms of which of the following phylum are called sponges?","A. Coelenterata   |   B. Platyhelminthes   |   C. Porifera   |   D. Echinodermata"
532,KEEP,"A point object is placed at the centre of curvature of a spherical concave mirror. Which one among the following would be the correct location of image formed?","A. At infinity   |   B. At the centre of curvature   |   C. At the focal point   |   D. Between the focal point and the centre of curvature"
533,KEEP,"Which one among the following is correct for a person suffering from myopia?","A. The person can see near objects clearly   |   B. The person can see distant objects clearly   |   C. The person cannot distinguish colours   |   D. The person can neither see near objects nor distant objects clearly"
534,KEEP,"A vehicle starts moving along a straight line path from rest. In first t seconds it moves with an acceleration of 2 m/s² and then in next 10 seconds it moves with an acceleration of 5 m/s². The total distance travelled by the vehicle is 550 m. The value of time t is","A. 10 s   |   B. 13 s   |   C. 20 s   |   D. 25 s"
535,KEEP,"A pumpkin weighs 7.5 N. On submerging it completely in water, 3/4 L of water gets displaced. The acceleration due to gravity at the place where the pumpkin was weighed is 10 m/s². Which one of the following is the correct value of the density of the pumpkin?","A. 10 kg/m³   |   B. 100 kg/m³   |   C. 1000 kg/m³   |   D. 10000 kg/m³"
536,KEEP,"An incandescent electric bulb converts 20% of its power consumption into light, and the remaining power is dissipated as heat. The bulb's filament has a resistance of 200 Ω and 2 A current flows through it. If the bulb remains ON for 10 h and the rate of electricity charge is ₹ 5/unit, then which among the following is the correct amount for the money spent on producing light?","A. ₹ 5   |   B. ₹ 6   |   C. ₹ 7   |   D. ₹ 8"
537,KEEP,"Which one of the following statements best defines the concept of heat?","A. The transformation of energy from one form to another   |   B. The conversion of energy into mass and vice-versa due to temperature difference   |   C. The transfer of energy due to temperature difference   |   D. The change in volume of a substance with temperature"
538,KEEP,"The masses of two planets are in the ratio of 1 : 7. The ratio between their diameters is 2 : 1. The ratio of forces which they exert on each other is","A. 1 : 7   |   B. 7 : 1   |   C. 1 : 1   |   D. 2 : 1"
539,KEEP,"A car weighs 1000 kg. It is moving with a uniform velocity of 72 km/h towards a straight road. The driver suddenly presses the brakes. The car stops in 0.2 s. The retarding force applied on the car to stop it is","A. 100 N   |   B. 1000 N   |   C. 10 kN   |   D. 100 kN"
540,KEEP,"There is a ball of mass 320 g. It has 625 J potential energy when released freely from a height. The speed with which it will hit the ground is","A. 62.5 m/s   |   B. 2.0 m/s   |   C. 50 m/s   |   D. 40 m/s"
541,KEEP,"Starting from rest a vehicle accelerates at the rate of 2 m/s² towards east for 10 s. It then stops suddenly. It then accelerates again at a rate of 4√2 m/s² for next 10 s towards south and then again comes to rest. The net displacement of the vehicle from the starting point is","A. 100 m   |   B. 200 m   |   C. 300 m   |   D. 400 m"
542,KEEP,"Which one of the following statements about the Industrial Revolution is correct?","A. Thomas Savery invented astrolabe   |   B. Thomas Newcomen invented chemical dyes   |   C. James Watt's invention converted the steam engine from being a mere pump into one which would provide energy to power machines in factories   |   D. Mathew Boulton discovered the technique of refining gold of impurities"
543,KEEP,"The first cotton mill in British India which began production in 1856 was set up by","A. Ghanshyam Das Birla   |   B. Jamnalal Bajaj   |   C. Ambalal Sarabhai   |   D. C. N. Davar"
544,KEEP,"Consider the following statements about the Linguistic Reorganization of the States:","A. 1 only   |   B. 2 only   |   C. Both 1 and 2   |   D. Neither 1 nor 2"
545,KEEP,"Inspired by the Dandi March by Mahatma Gandhi, in Tamilnadu, C Rajagopalachari led a salt march from","A. Tirunelveli to Nagercoil   |   B. Kanchipuram to Mahabalipuram   |   C. Trichinopoly to Vedaranniyam on Tanjore coast   |   D. Chennai to Vellore"
546,KEEP,"Acharya Vinoba Bhave received the first donation of land under the Bhoodan Movement at","A. Ramgarh   |   B. Garhwa   |   C. Hyderabad   |   D. Pochampally"
547,KEEP,"Maize (makka) was introduced into India via","A. America and England   |   B. Africa and Spain   |   C. France and Russia   |   D. Portugal and Italy"
548,KEEP,"Which of the following pairs of Himalayan Passes and the Ranges in which they are located is/are correctly matched?","A. 1 and 2 only   |   B. 1 and 3 only   |   C. 3 and 4 only   |   D. 1, 2, 3 and 4"
549,KEEP,"Which one among the following statements with reference to the black cotton soils of India is NOT correct?","A. The black cotton soils are also called 'Regur'   |   B. They are highly moisture retentive   |   C. They are rich in lime   |   D. These soils have less clay factor and hence can support a wide variety of crops and vegetables"
550,KEEP,"Match List I with List II and select the correct answer using the code given below the Lists:","A. A-4, B-3, C-2, D-1   |   B. A-4, B-2, C-3, D-1   |   C. A-1, B-2, C-3, D-4   |   D. A-1, B-3, C-2, D-4"
551,KEEP,"Match List I with List II and select the correct answer using the code given below the Lists:","A. A-4, B-3, C-2, D-1   |   B. A-1, B-2, C-3, D-4   |   C. A-4, B-2, C-3, D-1   |   D. A-1, B-3, C-2, D-4"
552,KEEP,"Consider the following facts of the rivers of the Indus system:","A. 2 only   |   B. 3 only   |   C. 1 and 2   |   D. 2 and 3"
553,KEEP,"Which one of the following is an example of both an igneous as well a metamophic rock?","A. Gabbro   |   B. Geyserite   |   C. Gneissoid   |   D. Granite"
554,KEEP,"Which one of the following is correct?","A. Pyroxene is commonly found in meteorites   |   B. Amphiboles form about 20% of the Earth's crust   |   C. Quartz is soluble in water   |   D. The word 'sedimentary' is derived from the Latin word kelimentum"
555,KEEP,"Which one among the following processes is NOT part of chemical weathering?","A. Solution   |   B. Hydration   |   C. Reduction   |   D. Thawing"
556,KEEP,"What is the maximum number of electrons that can occupy the first shell of an atom?","A. 2   |   B. 4   |   C. 8   |   D. 16"
557,KEEP,"At which temperature does liquid water show maximum density?","A. 299 K   |   B. 277 K   |   C. 285 K   |   D. 373 K"
558,KEEP,"Which one among the following has valency of 3?","A. Carbon   |   B. Oxygen   |   C. Nitrogen   |   D. Sodium"
559,KEEP,"Which one among the following is an example of oxidation reaction?","A. Freezing of water   |   B. Dissolving sugar in water   |   C. Rusting of iron   |   D. Boiling of petrol"
560,KEEP,"Which one among the following fertilizers is a source of nitrogen?","A. Superphosphate   |   B. Potassium sulfate   |   C. Bone meal   |   D. Urea"
561,KEEP,"For Aluminium (Al) (atomic number: 13, mass number: 27), which one among the following statements is NOT correct?","A. Number of electrons present in Al is 13   |   B. Number of protons present in Al is 13   |   C. Number of neutrons present in Al is 14   |   D. The valency of Al is 2"
562,KEEP,"The elemental composition of diamond is","A. Carbon and Hydrogen   |   B. Carbon and Oxygen   |   C. Pure Carbon   |   D. Pure Silicon"
563,KEEP,"Which one among the following is an example of chemical change?","A. Sublimation of camphor   |   B. Melting of ice   |   C. Heating of an iron rod   |   D. Mixing of NaOH and HCl"
564,KEEP,"Which one among the following is the correct focal length of a combination of lenses of power 2.5 D and -2.0 D?","A. +0.5 m   |   B. -0.5 m   |   C. +2.0 m   |   D. -2.0 m"
565,KEEP,"The AC mains domestic supply current in India changes direction in every","A. 50 s   |   B. 1/50 s   |   C. 100 s   |   D. 1/100 s"
566,KEEP,"A block of mass 2.0 kg slides on a rough horizontal plane surface. Let the speed of the block at a particular instant is 10 m/s. It comes to rest after travelling a distance of 20 m. Which one of the following could be the magnitude of the frictional force?","A. 10 N   |   B. 20 N   |   C. 40 N   |   D. 50 N"
567,KEEP,"Given below are the four cases in which certain heat transfer is taking place: 1. Ice is melting in a glass full of water 2. Water is boiling in an open container 3. A metal rod is heated in a furnace 4. A cup of coffee is allowed to cool on a table. In which of the above cases, Newton's Law of Cooling is applicable?","A. 1 only   |   B. 4 only   |   C. 1 and 4 only   |   D. 1, 2 and 3"
568,KEEP,"Vijayanagara rulers claimed that they were ruling on behalf of","A. Lord Murugan   |   B. Lord Venkateshwara   |   C. Shri Virupaksha   |   D. Shri Vallabha"
569,KEEP,"Domingo Paes describes a king in these words: 'Of medium height, and of fair complexion and good figure, rather fat than thin; he has on his face signs of smallpox'. Identify the king from the options given below.","A. Krishnadeva Raya   |   B. Ram Raya   |   C. Devaraya II   |   D. Devaraya I"
570,KEEP,"In which Schedule of the Constitution of India, provisions as to disqualification on grounds of defection are given?","A. Ninth Schedule   |   B. Tenth Schedule   |   C. Eleventh Schedule   |   D. Sixth Schedule"
571,KEEP,"Consider the following statements: 1. The duties of the Attorney General of India are to give advice to the Government of India upon such legal matters, and to perform such other duties of a legal character, as may from time to time be referred to or assigned to him by the President of India 2. The Solicitor General of India is the secondary Law Officer of the country, who assists the Attorney General, and is himself assisted by several Additional Solicitor Generals of India. Which of the statements given above is/are correct?","A. 1 only   |   B. 2 only   |   C. Both 1 and 2   |   D. Neither 1 nor 2"
572,KEEP,"Which of the following Committees does NOT consist of Members from the Upper House of the Parliament?","A. 1 and 2   |   B. 1 and 3   |   C. 2 only   |   D. 3 only"
573,KEEP,"In the passing of a Money Bill, the Rajya Sabha has limited powers in that it shall return the Bill, with or without any recommendation, within the stipulated time of","A. 12 days   |   B. 21 days   |   C. 14 days   |   D. 30 days"
574,KEEP,"Which of the following statements with regard to Article 19(1) of the Constitution of India is/are correct? 1. Freedoms under this Article are not absolute 2. Reasonable restrictions can be imposed on the exercise of freedoms under this Article","A. 1 only   |   B. 2 only   |   C. Both 1 and 2   |   D. Neither 1 nor 2"
575,KEEP,"Which of the following is NOT a part of the five principles enshrined in the 'Panchsheel' agreement signed by India and China in 1954?","A. Mutual non-aggression   |   B. Mutual non-interference   |   C. Peaceful coexistence   |   D. Cultural cooperation"
576,KEEP,"Freedom Fighter Kanaklata Barua sacrificed her life while participating in","A. Rowlatt Satyagraha   |   B. Non-Cooperation Movement   |   C. Civil Disobedience Movement   |   D. Quit India Movement"
577,KEEP,"Where is the Coriolis Effect the largest?","A. At the Equator   |   B. At the Tropic of Capricorn and Tropic of Cancer   |   C. At the North Pole   |   D. At 45 degree latitude in each hemisphere"
578,KEEP,"In which among the following states in India, the Sun rays are never perpendicular?","A. 1 and 2   |   B. 1 and 3   |   C. 2 and 3   |   D. 2 and 4"
579,KEEP,"Which of the following is/are east flowing rivers in India? 1. Palar 2. Periyar 3. Pennar 4. Kalinadi","A. 1 only   |   B. 1 and 3   |   C. 2 and 4   |   D. 4 only"
580,KEEP,"Which of the following tributaries is/are correctly matched with the Deccan Rivers? Tributary - River 1. Bhavani - Krishna 2. Kabini - Kaveri 3. Manjra - Godavari 4. Bhima - Mahanadi","A. 1 and 2   |   B. 2 and 3   |   C. 1 and 3   |   D. 3 and 4"
581,KEEP,"Which one of the following is found in appreciable amount in Laterite soil in India?","A. Calcium   |   B. Phosphate   |   C. Potash   |   D. Nitrogen"
582,KEEP,"Consider the following statements regarding River Brahmaputra: 1. It rises in Tibet, near Lake Mansarovar 2. It takes a 'U' turn near Namcha Barwa and enters India through a gorge. Which of the statements given above is/are correct?","A. 1 only   |   B. 2 only   |   C. Both 1 and 2   |   D. Neither 1 nor 2"
583,KEEP,"As the Southwest monsoon ________ through most of July, flash floods caused by the waters of the Narmada hit Jabalpur town.","A. lashed   |   B. flourished   |   C. occupied   |   D. dried"
584,KEEP,"Given the scale of the challenges that ________ us today, our company proposes more viable plans for sustainability.","A. supports   |   B. conflict   |   C. confronts   |   D. convince"
585,KEEP,"It is a really tough course, I am just worried that I won't be able to go the ________.","A. way   |   B. distance   |   C. far   |   D. route"
586,KEEP,"The ________ of the advancement made in agricultural productivity in India has been remarkable.","A. extent   |   B. context   |   C. distance   |   D. syntax"
587,KEEP,"This essay ________ and examines various systems for water appropriation and agricultural practices adapted by society in the arid conditions of Rajasthan.","A. confuses   |   B. enhances   |   C. controls   |   D. explores"
588,KEEP,"India has been able to successfully ________ its population through family planning programmes.","A. sterilise   |   B. stabilise   |   C. stratify   |   D. establish"
589,KEEP,"Adolescence is the ________ wherein a child enters adulthood.","A. threshold   |   B. position   |   C. condition   |   D. period"
590,KEEP,"The British who ruled India for 200 years were here to ________ India's natural resources.","A. spoil   |   B. implore   |   C. exploit   |   D. drill"
591,KEEP,"Endangered species have a fifty per cent or greater probability of ________ within five years or two generations whichever is longer.","A. distinction   |   B. extinction   |   C. complication   |   D. completion"
592,KEEP,"The first law of thermodynamics states that whereas energy can be ________ from one form into another, it cannot be created or destroyed.","A. reduced   |   B. induced   |   C. performed   |   D. transformed"
593,KEEP,"He is always captious.","A. worried   |   B. passionate   |   C. faultfinding   |   D. jovial"
594,KEEP,"Geomorphologists ascertain several wonderful facts about our earth.","A. verify   |   B. invert   |   C. increase   |   D. omit"
595,KEEP,"The Colonel ordered the Soldiers to meet him in the commissary.","A. office   |   B. field   |   C. playground   |   D. canteen"
596,KEEP,"The doctor dismembered the patient's finger first and then cured the ailment.","A. stitched   |   B. dissected   |   C. plastered   |   D. splintered"
597,KEEP,"Mr. Kumar works as a bursar in the sports academy.","A. secretary   |   B. accountant   |   C. coach   |   D. trainer"
598,KEEP,"His intentions are insidious.","A. pious   |   B. inadvertent   |   C. deceitful   |   D. naive"
599,KEEP,"Respect for other human beings is intrinsic to the teachings of all religions.","A. inconsistent   |   B. peripheral   |   C. inherent   |   D. existential"
600,KEEP,"He completed the onerous task with relative ease.","A. smooth   |   B. complex   |   C. risky   |   D. wearying"
601,KEEP,"Alfred was a potentate during the Middle Ages.","A. Monarch   |   B. lenient   |   C. liberal   |   D. democrat"
602,KEEP,"I abandoned the task due to indolence.","A. difficulty   |   B. laziness   |   C. ugliness   |   D. helplessness"
603,KEEP,"'Principal' and 'Principle'","A. 'Principal' means belief system, and 'principle' means head of an educational institution.   |   B. 'Principal' means head of an educational institution, and 'principle' means original sum on which interest is charged   |   C. 'Principle' means moral rule, and 'principal' means head of an educational institution.   |   D. 'Principal' means original sum on which interest is charged, and 'principle' means head of an educational institution."
604,KEEP,"'Plane' and 'Plain'","A. 'Plane' means a flat surface, and 'plain' means something that flies.   |   B. 'Plane' means the flat surface, and 'plain' means not elaborate.   |   C. 'Plane' means something that flies, and 'plain' means flat surface.   |   D. 'Plane' means not elaborate, and 'plain' means flat surface."
605,KEEP,"'Pail' and 'Pale'","A. 'Pale' means inferior or unimpressive, and 'pail' means faded.   |   B. 'Pale' means faded or light in shade, and 'pail' means inferior or unimpressive.   |   C. 'Pale' means faded or light in shade, and 'pail' means a bucket.   |   D. 'Pale' means a bucket, and 'pail' means inferior or unimpressive."
606,KEEP,"'Metal' and 'Mettle'","A. 'Metal' is a hard shiny material that is a good conductor, and 'mettle' means malleable metal.   |   B. 'Metal' is a hard shiny material that is a good conductor, and 'mettle' means metallic substance.   |   C. 'Metal' means mental resilience, and 'mettle' is a hard shiny material that is a good conductor.   |   D. 'Metal' is a hard shiny material that is a good conductor, and 'mettle' means mental resilience."
607,KEEP,"'Hail' and 'Hale'","A. 'Hail' means pellets of frozen rain, and 'hale' means wind storm   |   B. 'Hail' means pellets of frozen rain, and 'hale' means strong and healthy   |   C. 'Hail' means pellets of frozen rain, and 'hale' means to greet with enthusiastic approval   |   D. 'Hail' means strong and healthy, and 'hale' means pellets of frozen rain"
608,KEEP,"'Conscious' and 'Conscience'","A. 'Conscious' means sense of right and wrong, and 'conscience' means awareness about something   |   B. 'Conscious' means alert, and 'conscience' means presence of mind   |   C. 'Conscious' means intent, and 'conscience' means unprincipled action   |   D. 'Conscious' means aware, and 'conscience' means sense of right and wrong"
609,KEEP,"'Dissent' and 'Descent'","A. 'Dissent' means having ideas different from general beliefs or official position, and 'descent' means movement towards a lower place   |   B. 'Dissent' means having ideas different from general beliefs or official position, and 'descent' means being of acceptable standard   |   C. 'Dissent' means being of acceptable standard, and 'descent' means movement towards a lower place   |   D. 'Dissent' means being of acceptable standard, and 'descent' means ideas different from general beliefs or official position"
610,KEEP,"'Discrete' and 'Discreet'","A. 'Discrete' means separate and distinct categories of objects, and 'discreet' means misuse of authority   |   B. 'Discrete' means separate and distinct categories of objects, and 'discreet' means maintaining confidentiality   |   C. 'Discrete' means being careful in what one says or does, and 'discreet' means separate and distinct categories of objects   |   D. 'Discrete' means misuse of authority and 'discreet' means being careful in what one says or does"
611,KEEP,"'Eminent' and 'Imminent'","A. 'Eminent' means important and famous, and 'imminent' means something about to happen   |   B. 'Eminent' means something unpleasant about to happen, and 'imminent' means important and famous person   |   C. 'Eminent' means important and famous person, and 'imminent' means inherent or existing within   |   D. 'Eminent' means inherent or existing within, and 'imminent' means something about to happen"
612,KEEP,"Many metals are malleable in nature and property.","A. hard   |   B. strong   |   C. tender   |   D. weak"
613,KEEP,"To neglect a warning is to invite danger.","A. disregard   |   B. ignore   |   C. regard   |   D. overlook"
614,KEEP,"His ostentatious behaviour surprised everyone.","A. tawdry   |   B. modest   |   C. showy   |   D. extravagant"
615,KEEP,"The experience of Covid Pandemic was excruciating for much of the population.","A. gnawing   |   B. gruelling   |   C. harrowing   |   D. mild"
616,KEEP,"A trip to the hills was refreshing.","A. conniving   |   B. wearying   |   C. revivifying   |   D. rejuvenating"
617,KEEP,"The streaming of light beams coming from the Sun through trees is said to have suggested that light travels in straight line. The particles on the path of light beams are visible to us because","A. dust particles in the air reflect light into our eyes   |   B. dust particles in the air scatter light into our eyes   |   C. dust particles in the air refract light into our eyes   |   D. dust particles in the air polarize light into our eyes"
618,KEEP,"The flash of lightning is seen before the thunderstorm is heard. It verifies that","A. sound travels much faster than light   |   B. light travels much faster than sound   |   C. light and sound both travel with same speed   |   D. intensity of flash of lightning is very high during thunderstorm"
619,KEEP,"The potential difference between the two end terminals of an electric heater is 220 V and the current through it is 0.5 A. What would be the current through the heater if the potential difference across the terminals of the heater is reduced to 120 V?","A. 1.0 A   |   B. 0.5 A   |   C. 0.27 A   |   D. 0.7 A"
620,KEEP,"The heating element in an electric iron is usually made of","A. Constantan   |   B. Tungsten   |   C. Nichrome   |   D. Copper"
621,KEEP,"Sita, 1.5 m high, stands before a plane mirror fixed on a wall to view her full image. What should be the minimum height of the plane mirror so that Sita can view her image fully?","A. 0.50 m   |   B. 0.35 m   |   C. 0.75 m   |   D. 0.25 m"
622,KEEP,"Galvanization is a method of protecting iron from rusting by coating with a thin layer of","A. Gallium   |   B. Aluminum   |   C. Zinc   |   D. Silver"
623,KEEP,"Which one of the following alloys contains a non-metal as one of its constituent?","A. Brass   |   B. Bronze   |   C. Amalgam   |   D. Steel"
624,KEEP,"Buckminster fullerene, which looks like a football, is an allotropic form of","A. Phosphorus   |   B. Sulfur   |   C. Carbon   |   D. Tin"
625,KEEP,"The green plants in a terrestrial ecosystem absorbs sunlight that falls on their leaves and convert it into food energy. The percentage of solar radiation absorbed by all green plants for the process of photosynthesis is about","A. 1%   |   B. 5%   |   C. 8%   |   D. 10%"
626,KEEP,"Consider the following reaction: Fe2O3(s) + 2Al(s) → 2Fe(s) + Al2O3(s). Which of the following statements about the given reaction is NOT correct?","A. It is an example of displacement reaction   |   B. It is highly endothermic reaction   |   C. Fe2O3 acts as oxidizing agent   |   D. This reaction is applicable to joining of railway tracks"
627,KEEP,"Which one of the following processes involves chemical reaction?","A. Evaporation of petrol   |   B. Dissolution of salt in water   |   C. Storing of oxygen gas under pressure in a gas cylinder   |   D. Burning of magnesium ribbon in air"
628,KEEP,"Which one of the following metals does NOT react with cold water to liberate hydrogen gas?","A. Potassium   |   B. Iron   |   C. Calcium   |   D. Sodium"
629,KEEP,"Consider the following reaction: 2HgO → 2Hg + O2. The respective state of HgO, Hg and O2 in the above reaction is","A. Liquid, solid, gas   |   B. Solid, solid, gas   |   C. Liquid, solid, liquid   |   D. Solid, liquid, gas"
630,KEEP,"The two important features of sexual reproduction in higher organisms that create genetic diversity in offspring are","A. Mitosis and fertilization   |   B. Meiosis and fertilization   |   C. Mitosis and binary fission   |   D. Meiosis and conjugation"
631,KEEP,"Eukaryotic cells are much more complex as compared to prokaryotes. Which one of the following structures is exclusively present in a eukaryotic cell?","A. Cell wall   |   B. Plasma membrane   |   C. Nucleic acid   |   D. Mitochondria"
632,KEEP,"An important cause of tooth decay by the bacterium Streptococcus mutans is because of their ability to attach to teeth surface by producing slime layer from","A. Sugar   |   B. Alcohol   |   C. Saliva   |   D. Teichoic acid"
633,KEEP,"In angiosperms, pollen grain germinates to produce two male gametes. Which one of the following functions is carried out by these gametes?","A. Both the gametes fuse with a single egg cell   |   B. Both the gametes fuse with two different egg cells   |   C. One gamete fuses with the egg cell and the other one eventually degenerate   |   D. One gamete fuses with the egg cell and the other one fuses with a diploid secondary nucleus"
634,KEEP,"In a sexually reproducing organism, which one of the following statements is appropriate both for the parent and offspring?","A. Chromosome number increases but DNA content remains constant   |   B. Both chromosome number and DNA content remains constant   |   C. Chromosome number decreases but DNA content remains constant   |   D. Both chromosome number and DNA content decreases"
635,KEEP,"Which one of the following was NOT a way in which kings in ancient India attempted to claim a higher status?","A. Identifying with a variety of deities   |   B. Assuming pompous titles   |   C. Imposing high taxes   |   D. Conquests and annexation of territories"
636,KEEP,"Which one of the following statements about the Bhakti movement is NOT correct?","A. The Bhakti movement avoided traditions that promoted diversity   |   B. In northern India, the Bhakti movement revolved around the worship of Rama and Krishna   |   C. The Bhakti movement relied on the devotion of God, both with and without attributes   |   D. While Tulsidas represented the tradition of devotion with attributes, Sant Kabir followed the path of devotion without attributes"
637,KEEP,"The 'Reign of Terror' in revolutionary France referred to","A. Bands of revolutionaries moving around to terrorise people who did not participate in the revolution   |   B. The royal forces punishing people who participated in the revolution   |   C. Trial and beheading persons considered enemies of the republic by the revolutionary tribunal   |   D. The general atmosphere of insecurity perceived by people after the beheading of the king"
638,KEEP,"Which one of the following is the oldest era in Geological History determining the age of various rock types?","A. Precambrian   |   B. Mesozoic   |   C. Cenozoic   |   D. Paleozoic"
639,KEEP,"A geographical grid has: 1. Lines that run east to west around the globe to mark latitude. 2. Lines that run north to south from north pole to south pole indicate longitude. Which of the statements given above is/are correct?","A. 1 only   |   B. 2 only   |   C. Both 1 and 2   |   D. Neither 1 nor 2"
640,KEEP,"In which one of the following layers of the atmosphere all weather phenomenon occur?","A. Mesosphere   |   B. Troposphere   |   C. Thermosphere   |   D. Stratosphere"
641,KEEP,"In which one of the following states 'Roopkund' lake is located?","A. Kerala   |   B. Manipur   |   C. Himachal Pradesh   |   D. Uttarakhand"
642,KEEP,"In which one of the following layers of the atmosphere all weather phenomenon occur?","A. Mesosphere   |   B. Troposphere   |   C. Thermosphere   |   D. Stratosphere"
643,KEEP,"Ram records the odometer readings of his car for the distance covered from 2000 km at the start of his journey and 2400 km at the end of the journey after 8 hours. What is the average speed of the car?","A. 50 km/h   |   B. 60 km/h   |   C. 70 km/h   |   D. 80 km/h"
644,KEEP,"Ms. Rani decides to convert her AC generator into a DC generator. Which one of the following she would need to use?","A. A split-ring type commutator   |   B. Slip rings and brushes   |   C. A stronger magnetic field   |   D. A rectangular wire loop"
645,KEEP,"Ramesh cannot see distinctly objects kept beyond 2 m. This defect can be corrected by using a lens of power","A. + 0.5 D   |   B. - 0.5 D   |   C. + 0.2 D   |   D. - 0.2 D"
646,KEEP,"Which of the following statements are correct about the electrical resistance and resistivity of a wire?","A. Both quantities depend on the area of cross-section of the wire   |   B. Both depend on the temperature   |   C. Resistance of the wire is directly proportional to the resistivity of the wire   |   D. Resistivity of the wire is directly proportional to the length of the wire"
647,KEEP,"Which one of the following is NOT an example of organic compound?","A. Ammonium cyanate   |   B. Marsh gas   |   C. Urea   |   D. Cane sugar"
648,KEEP,"Which one of the following acid is used by goldsmith for cleaning of gold and silver articles?","A. Sulphuric acid   |   B. Nitric acid   |   C. Hydrochloric acid   |   D. Phosphoric acid"
649,KEEP,"What is the action of litmus on ethanol?","A. Litmus is neutral towards ethanol   |   B. Ethanol turns blue litmus to red; confirming acidic nature of ethanol   |   C. Ethanol turns red litmus to blue; confirming basic nature of ethanol   |   D. Ethanol decolorizes litmus through bleaching action"
650,KEEP,"Which one of the following metal is NOT an essential component in stainless steel?","A. Iron   |   B. Nickel   |   C. Chromium   |   D. Tin"
651,KEEP,"Match List I with List II and select the correct answer using the code given below the Lists: List I (Process) A. Separation of acetone and water from their mixture B. Separation of water and kerosene oil from their mixture C. Separation of cream from milk D. Separation of pigments from plant extract List II (Separation method) 1. Chromatography 2. Centrifugation 3. Distillation 4. Separating Funnel","A. A-3, B-4, C-2, D-1   |   B. A-4, B-2, C-1, D-3   |   C. A-3, B-4, C-1, D-2   |   D. A-4, B-1, C-2, D-3"
652,KEEP,"Which one of the following is NOT a requirement for photosynthesis?","A. Chlorophyll   |   B. CO2   |   C. Water   |   D. O2"
653,KEEP,"In flowering plants, DNA content of the parent plant gets halved during","A. Seed germination   |   B. Fruit formation   |   C. Flower bud formation   |   D. Pollen formation"
654,KEEP,"Which one of the following is the correct sequence during sexual reproduction in Angiosperms?","A. Egg -> zygote -> embryo -> seed   |   B. Embryo -> egg -> zygote -> seed   |   C. Egg -> embryo -> zygote -> seed   |   D. Egg -> seed -> zygote -> embryo"
655,KEEP,"Which one of the following combinations of events represents the correct sequence during reproduction in flowering plants?","A. Ovule -> fruit; egg -> embryo; zygote -> seed; ovary -> egg   |   B. Embryo -> egg; ovary -> fruit; ovule -> zygote; zygote -> seed   |   C. Ovary -> fruit; zygote -> egg; embryo -> ovule; seed -> fruit   |   D. Egg -> zygote; zygote -> embryo; ovule -> seed; ovary -> fruit"
656,KEEP,"Consider the following statements regarding the royal center in Vijayanagara Empire: 1. The royal center was located in the south-western part of the settlement 2. It included over 60 temples 3. About 30 building complexes at the site have been identified as palaces","A. 1 only   |   B. 2 only   |   C. 1, 2 and 3   |   D. 1 and 2 only"
657,KEEP,"Which one of the following statements is NOT correct?","A. Area wise Madhya Pradesh is the fourth largest state in India   |   B. Hornbill festival is celebrated in Nagaland   |   C. Gujarat state contribute 7.9 per cent share to the National GDP   |   D. Telangana is situated in the Deccan plateau in the central stretch of Indian peninsula"
658,KEEP,"Which one of the following soils is ideal for growing cotton?","A. Regur soil   |   B. Laterite soil   |   C. Desert soil   |   D. Mountainous soil"
659,KEEP,"Where is Central Institute of Buddhist Studies situated?","A. Leh   |   B. Kullu   |   C. Almora   |   D. Gangtok"
660,KEEP,"Consider the following statements about physical features of India: 1. The southern point of the Peninsular Plateau is formed by the Nilgiri Hills where the Eastern and the Western Ghats meet 2. The Cardamom Hills may be regarded as a continuation of the Eastern Ghats","A. 1 only   |   B. 2 only   |   C. Both 1 and 2   |   D. Neither 1 nor 2"
661,KEEP,"Which one of the following is the narrow belt parallel to the Shiwalik foothills where streams and rivers coming from the mountains deposit heavy materials of rocks and boulders?","A. Tarai   |   B. Bhangar   |   C. Bhabar   |   D. Khadar"
662,KEEP,"Which of the following statements about Suez Canal is/are correct? 1. Suez is a man-made navigation canal 2. Suez links Mediterranean Sea and the Red Sea 3. The economic significance of Suez Canal is less than that of Panama Canal","A. 1 only   |   B. 1 and 2 only   |   C. 2 and 3 only   |   D. 1, 2 and 3"
663,KEEP,"An iron nail sinks in water whereas an iron ship floats. Which of the following statements is correct in this regard? 1. Average density of ship is greater than that of the water 2. Average density of iron nail is greater than that of the water 3. Average density of the ship is less than that of the water 4. Average density of the ship is equal to that of the water","A. 1 and 2   |   B. 2 and 3   |   C. 2 and 4   |   D. 1 and 4"
664,KEEP,"Which of the following arrangement of resistors offers minimum effective resistance between points X and Y?","A. Three 3-ohm resistors in parallel   |   B. Two 3-ohm resistors in parallel   |   C. Two 1-ohm resistors in series   |   D. Three 1-ohm resistors in series"
665,KEEP,"What will happen if a collection of positive and negative charges are passed at a high speed through a magnetic field which is perpendicular to the direction of motion of the charges? (Assume that both kind of charges are NOT going to recombine)","A. Both kind of charges will stop moving   |   B. Positive charges and negative charges will separate out   |   C. Positive charges will stop but negative charges will continue moving uninterrupted   |   D. Both kind of charges will keep moving uninterrupted"
666,KEEP,"The motion of a particle of mass m is described by the relation, y = ut - 1/2 gt^2, where u is the initial velocity of the particle. The force acting on the particle is","A. F = m(du/dt)   |   B. F = mg   |   C. F = m(dy/dt)   |   D. F = -mg"
667,KEEP,"A block of wood (dimensions: 40 cm x 20 cm x 10 cm) is kept on a tabletop in three different positions: (a) with its side of dimensions 20 cm x 10 cm; (b) with its side of dimensions 10 cm x 40 cm; and (c) with its side of dimensions 40 cm x 20 cm. The pressure exerted by the wooden block on the tabletop in these positions is represented by PA, PB and PC, respectively. The pressure follows the trend","A. PA > PB > PC   |   B. PA < PB < PC   |   C. PA = PB = PC   |   D. PA < PB = PC"
668,KEEP,"Which one of the following metals can be extracted using carbon as reducing agent?","A. Zinc   |   B. Silver   |   C. Gold   |   D. Aluminum"
669,KEEP,"Which among the following is NOT true with respect to colloidal solution?","A. Particles are uniformly distributed throughout the solution   |   B. Colloidal solution is homogenous in nature   |   C. They show Tyndall effect   |   D. They do not settle down when kept undisturbed"
670,KEEP,"Kerosene and petrol mixture can be best separated by","A. Sublimation   |   B. Separating funnel   |   C. Fractional distillation   |   D. Compressing and cooling"
671,KEEP,"As proposed by Dalton, which of the following symbol represents phosphorus?","A. P in a circle   |   B. L in a circle   |   C. Circle with a cross   |   D. Circle with three lines"
672,KEEP,"Which among the following statements with respect to carbon is/are correct? 1. Carbon forms the basis for all living organisms and many things we use 2. Carbon shows tetra-valency and the property of catenation 3. Carbon forms covalent bonds with itself and other elements 4. Carbon forms compounds containing triple and tetra bonds between carbon atoms","A. 1 only   |   B. 1 and 2 only   |   C. 1, 2 and 3   |   D. 2 and 4"
673,KEEP,"Consider the following statements: 1. Terracotta models of the plough have been found at sites in Cholistan and at Banawali (Haryana). 2. There is evidence of a ploughed field at Kalibangan associated with the mature phase of the Harappan civilization. 3. The ploughed field at Kalibangan had two sets of furrows crossing at right angles to each other suggesting two different crops were grown together in it. Which of the statements given above are correct?","A. 1, 2 and 3   |   B. 2 and 3 only   |   C. 1 and 3 only   |   D. None of the above"
674,KEEP,"Which of the following statements about the technological innovations during the Industrial Revolutions are correct? 1. Mule was the nickname for a machine invented in 1779, that allowed the spinning of strong and fine yarn. 2. Water Frame, invented in 1769 by Richard Arkwright, made it possible to weave pure cotton clothes. 3. Power loom, invented in 1787 by Edmund Cartwright, could be used to weave any kind of materials.","A. 1 and 2 only   |   B. 1, 2 and 3   |   C. 2 and 3 only   |   D. 3 only"
675,KEEP,"Who among the following is known as the architect of Indian planning?","A. V.K.R.V. Rao   |   B. Sukhamoy Chakravarty   |   C. P.C. Mahalanobis   |   D. John Mathai"
676,KEEP,"Which one of the following Ashokan Minor Rock Edicts, contains the personal name of the king - Ashoka?","A. Maski   |   B. Bahapur   |   C. Bairat   |   D. Sahasram"
677,KEEP,"Arrange the following in correct chronological order: 1. Charak Samhita 2. Bharat's Natyashastra 3. Sangam Literature 4. Ashtadhyayi","A. 1 - 3 - 4 - 2   |   B. 2 - 4 - 1 - 3   |   C. 4 - 3 - 1 - 2   |   D. 3 - 1 - 2 - 4"
678,KEEP,"Which one of the following is NOT an example of Fold Mountain?","A. Mt. Fuji   |   B. Alps   |   C. Andes   |   D. Rockies"
679,KEEP,"Which one of the following Ashokan Minor Rock Edicts, contains the personal name of the king - Ashoka?","A. Maski   |   B. Bahapur   |   C. Bairat   |   D. Sahasram"
680,KEEP,"Arrange the following in correct chronological order: 1. Charak Samhita, 2. Bharat's Natyashastra, 3. Sangam Literature, 4. Ashtadhyayi","A. 1 - 3 - 4 - 2   |   B. 2 - 4 - 1 - 3   |   C. 4 - 3 - 1 - 2   |   D. 3 - 1 - 2 - 4"
681,KEEP,"Which one of the following is NOT an example of Fold Mountain?","A. Mt. Fuji   |   B. Alps   |   C. Andes   |   D. Rockies"
682,KEEP,"Which one of the following is an organic soil?","A. Aridisols   |   B. Histosols   |   C. Oxisols   |   D. Vertisols"
683,KEEP,"Which one of the following climatic regions of the world have a typical characteristic of seasonal reversal of wind?","A. British type Climate   |   B. Mediterranean Climate   |   C. China type Climate   |   D. Monsoon Climate"
684,KEEP,"Which one of the following statement is NOT correct?","A. Bokaro steel plant is located in Damodar river basin   |   B. Jamshedpur steel plant is located on the confluence of Damodar and Barakar   |   C. Salem steel plant is located on the bank of Kaveri River   |   D. Bhilai steel plant obtains water from Tandula reservoir"
685,KEEP,"How many of the following pairs of specialized agriculture and its products are correctly matched? 1. Apiculture : Honey, 2. Sericulture : Silk, 3. Silviculture : Forestry, 4. Viticulture : Grapes","A. 4   |   B. 3   |   C. 2   |   D. 1"
686,KEEP,"Which one of the following crops is generally benefitted by the rain caused by western disturbances in India?","A. Rice   |   B. Wheat   |   C. Bajra   |   D. Cotton"
687,KEEP,"Which one of the following pairs of city and industry is NOT correctly matched?","A. Saharanpur : Paper industry   |   B. Chanderi : Cotton textile industry   |   C. Bhadohi : Carpet industry   |   D. Raniganj : Iron and steel industry"
688,KEEP,"Why do twentieth century advances not seem sustainable?","A. They do not meet the human needs   |   B. Due to the increased cost of agricultural production   |   C. Because they are outdated for the current times   |   D. They are useful, but intensive"
689,KEEP,"What pushes farmers into places unsuited for agriculture?","A. Population growth   |   B. Industrialisation   |   C. Water scarcity   |   D. Desertification"
690,KEEP,"Which one of the following words means 'incursion'?","A. invasion   |   B. intensive   |   C. severe   |   D. intervention"
691,KEEP,"The king who the people loved built the castle five centuries ago","A. The castle was built five centuries ago by the king who was loved by the people   |   B. The castle was built five centuries ago by the king who loved the people   |   C. The castle built five centuries ago by the king loved by the people   |   D. The castle was built five centuries ago by the people who were loved by the king"
692,KEEP,"The company has recruited four hundred engineers who will have to complete an internship for three weeks","A. Four hundred engineers have been recruited by the company and an internship of three weeks will have to be completed by them   |   B. Four hundred engineers have been recruited by the company and they will have to complete an internship of three weeks   |   C. The company has been recruited by four hundred engineers and an internship of three week will have to be completed by them   |   D. Four hundred engineers have been recruited by the company. Internship of three weeks will have had to be completed by them"
693,KEEP,"Seldom and Often","A. Seldom means hardly ever and often means time and again   |   B. Seldom means time and again and often means hardly ever   |   C. Seldom means never and often means not at all   |   D. Seldom means frequently and often means time and again"
694,KEEP,"Overview and Review","A. Overview means assessment and review means general idea   |   B. Overview means general idea and review means assessment   |   C. Overview means general analysis and review means go through   |   D. Overview means summary and review means evaluation"
695,KEEP,"Overcome and Succeed","A. Overcome means triumph over and succeed means to achieve something   |   B. Overcome means achieve something and succeed means to triumph over   |   C. Overcome means to be successful and succeed means to achieve something   |   D. Overcome means winning and succeed means to rise above"
696,KEEP,"Embed and Imbue","A. Embed means instil and imbue means implant   |   B. Embed means implant and imbue means instil   |   C. Embed means accept and imbue means detest   |   D. Embed means include and imbue means accept"
697,KEEP,"Emancipate and Empower","A. Emancipate means authorize and empower means liberate   |   B. Emancipate means liberate and empower means authorise   |   C. Emancipate means liberal and empower means authorisation   |   D. Emancipate means freedom and empower means encounter"
698,KEEP,"The Professor has been able to instil confidence in her students","A. inculcate   |   B. infer   |   C. eradicate   |   D. unlike"
699,KEEP,"The members of the group expressed their allegiance to their leader","A. commitment   |   B. disloyalty   |   C. understanding   |   D. unlikely"
700,KEEP,"The inscrutability surrounding the incident remains unresolved until the end of the movie","A. clearness   |   B. comprehensibility   |   C. mystery   |   D. seriousness"
701,KEEP,"The dodgy behaviour of the leader led to her fall","A. principled   |   B. dubious   |   C. dishonest   |   D. painful"
702,KEEP,"People have been advised not to venture into sea as the weather is likely to be inclement","A. squally   |   B. calm   |   C. pleasant   |   D. indigent"
703,KEEP,"I can't be bothered to tell him what I think; __________ he would not listen to me.","A. meanwhile   |   B. in any case   |   C. in the meantime   |   D. somehow"
704,KEEP,"__________, if the referee points his fingers, this indicates that someone has done something wrong.","A. On the contrary   |   B. Whatever more   |   C. Briefly   |   D. As regards"
705,KEEP,"__________, have you been to the local library yet?","A. Sort of   |   B. Frankly   |   C. All the same   |   D. Incidentally"
706,KEEP,"__________, women are healthier and are living longer than ever before: indeed on an average, they can expect to live five years longer than men.","A. To a large extent   |   B. As regards   |   C. As far as   |   D. Turning now"
707,KEEP,"The difference is that I have been fortunate to find a career that I love and, __________, I am getting paid reasonably for it.","A. briefly   |   B. broadly speaking   |   C. what is more   |   D. in conclusion"
708,KEEP,"__________, the Government of India has followed the policy of trying to improve relations with its neighbours.","A. Particular   |   B. Knowingly   |   C. Otherwise   |   D. In general"
709,KEEP,"__________, this issue is likely to be discussed when the Council meets next.","A. As per reports   |   B. Accordingly   |   C. Likewise   |   D. Briefly"
710,KEEP,"__________, you needed to consult a physician to have a clear idea of what the disease is about.","A. In that case   |   B. In these case   |   C. Likewise   |   D. Henceforth"
711,KEEP,"__________, in the year-ago period the current account deficit stood at $1.3 billion or 0.2% of the GDP.","A. Particularly   |   B. Notably   |   C. Seriously   |   D. Unknowingly"
712,KEEP,"__________, the records have been completely undermined by shoddy book-keeping.","A. Because of   |   B. As such   |   C. Forever   |   D. Hence"
713,KEEP,"Infelicity:","A. Disloyalty towards one's nation   |   B. An inappropriate remark   |   C. Situation in which no progress can be made   |   D. Situation in which a relationship becomes friendlier"
714,KEEP,"Corollary:","A. Something that is too expensive   |   B. Something that looks real but does not really exist   |   C. Something that naturally follows   |   D. Something resembling a coal mine"
715,KEEP,"Quandary:","A. Situation in which you are confused about what to do   |   B. Situation in which two people or group argue   |   C. Situation in which no progress can be made   |   D. Situation in which a relationship becomes friendlier"
716,KEEP,"Presumption:","A. Prediction based on past experiences   |   B. Judgement made with certainty   |   C. Decision based on facts   |   D. Opinion formed before having all the facts"
717,KEEP,"Smug:","A. Too confident about one's own achievements   |   B. Too eager to help or obey someone important   |   C. Too emotional or dramatic   |   D. Too eager to bottle up conflicts"
718,KEEP,"It does not look like he is going ________ in his studies than what was predicted by his school principal.","A. any further   |   B. further   |   C. farther   |   D. any farther"
719,KEEP,"________ all the confusion the thief made a quiet getaway.","A. Among   |   B. Amongst   |   C. Amidst   |   D. Amid"
720,KEEP,"The intricate operation on the patient required the expertise of a/an ________ surgeon.","A. special   |   B. especial   |   C. specialist   |   D. specialised"
721,KEEP,"There are ________ thirty students inside the classroom at any time.","A. less than   |   B. fewer than   |   C. less then   |   D. fewer then"
722,KEEP,"There are many ________ vehicles on the highway due to a sudden landslide.","A. stationery   |   B. stationed   |   C. stranded   |   D. straggle"
723,KEEP,"एक अवतल लेन्स की फोकस दूरी 0.5 m है। लेन्स की क्षमता है","A. +0.5 D   |   B. -0.5 D   |   C. +2.0 D   |   D. -2.0 D"
724,KEEP,"किसी चुंबकीय क्षेत्र में, इसके लंबवत रखे गए एक सीधे विद्युत धारावाही चालक द्वारा अनुभव किए गए बल की दिशा निर्धारित करने का नियम है","A. दक्षिण-हस्त अंगुष्ठ नियम   |   B. फ्लेमिंग का वामहस्त नियम   |   C. फ्लेमिंग का दक्षिण-हस्त नियम   |   D. हुंड का नियम"
725,KEEP,"खगोलीय मात्रक (A.U.) में एक पारसेक (parsec) लगभग कितना होता है?","A. 2 x 10^3 A.U.   |   B. 2 x 10^4 A.U.   |   C. 2 x 10^5 A.U.   |   D. 2 x 10^6 A.U."
726,KEEP,"गति के द्वितीय नियम के लिए निम्नलिखित में से कौन-सा कथन सही नहीं है?","A. किसी पिंड पर लगने वाला नेट बल उस पिंड के त्वरण के समानुपाती होता है   |   B. किसी पिंड पर लगने वाला नेट बल त्वरण की दिशा में होता है   |   C. संवेग के परिवर्तन की समय दर बल के बराबर होती है   |   D. किसी पिंड पर लगने वाला नेट बल पिंड के संवेग के समानुपाती होता है"
727,KEEP,"किसी पिंड का तापमान 310 K से बढ़कर 340 K हो जाता है। डिग्री सेल्सियस में तापमान में कितनी वृद्धि हुई है?","A. 20°C   |   B. 30°C   |   C. 37°C   |   D. 67°C"
728,KEEP,"किसी पिंड पर गुरुत्व द्वारा किए गए कार्य के लिए निम्नलिखित में से कौन-सा कथन सही नहीं है?","A. किया गया कार्य पिंड द्वारा अपनाए गए पथ से स्वतंत्र है   |   B. किया गया कार्य केवल पिंड की आरंभिक और अंतिम स्थिति के बीच की ऊर्ध्वाधर दूरी पर निर्भर करता है   |   C. किया गया कार्य पिंड द्वारा अपनाए गए पथ पर निर्भर करता है   |   D. यदि पिंड को गुरुत्वाकर्षण बल के क्षैतिज विस्थापित किया जाता है तो किया गया कार्य शून्य है"
729,KEEP,"निम्नलिखित में से कौन-सा कथन सही है?","A. दाब में परिमाण के साथ-साथ दिशा होती है   |   B. हम किसी द्रव में जितना गहरे जाते हैं, दाब घटता जाता है   |   C. क्रिया और प्रतिक्रिया बल एक ही वस्तु पर कार्य करते हैं   |   D. पास्कल और N/m^2 एक ही मात्रक (यूनिट) को निरूपित करते हैं"
730,KEEP,"निम्नलिखित में से किस तरंगदैर्ध्य का विकिरण X-ray के अनुरूप हो सकता है?","A. 1 nm   |   B. 10 nm   |   C. 100 nm   |   D. 300 nm"
731,KEEP,"किसी दूरबीन में, नेत्रिका (eyepiece) लेन्स की तुलना में अभिदृश्यक (objective) लेन्स में","A. अधिक फोकस दूरी और बड़े द्वारक (aperture) होता है   |   B. अधिक फोकस दूरी और छोटे द्वारक होता है   |   C. कम फोकस दूरी और बड़े द्वारक होता है   |   D. कम फोकस दूरी और छोटे द्वारक होता है"
732,KEEP,"किसी फोटॉन की ऊर्जा, E को E = hf के रूप में व्यक्त किया जा सकता है, जहां f आवृत्ति है और h प्लांक स्थिरांक है। h की विमाएं (dimensions) किसके समान हैं?","A. रैखिक संवेग   |   B. कोणीय संवेग   |   C. विस्थापन   |   D. बलाघूर्ण"
733,KEEP,"किसी वस्तु पर कार्यकारी बल द्वारा किया गया कार्य शून्य है यदि","A. वस्तु का विस्थापन बल की दिशा के विपरीत दिशा में होता है   |   B. वस्तु का विस्थापन बल की दिशा में ही होता है   |   C. वस्तु का विस्थापन बल की दिशा के लंबवत दिशा में होता है   |   D. उपर्युक्त में से कोई नहीं"
734,KEEP,"किसी बहुत लंबी धारावाही परिनालिका के भीतर चुंबकीय क्षेत्र होता है","A. एकसमान   |   B. असमान   |   C. शून्य   |   D. मध्यबिंदु पर उच्चतम"
735,KEEP,"निम्नलिखित में से किस उपकरण का उपयोग -250°C तापमान मापने के लिए किया जा सकता है?","A. किसी पारा आधारित तापमापी का उपयोग करके   |   B. किसी ऐल्कोहल आधारित तापमापी का उपयोग करके   |   C. किसी डॉक्टरी (क्लिनिकल) थर्मामीटर का उपयोग करके   |   D. किसी ताप-वैद्युत युग्म आधारित तापमापी का उपयोग करके"
736,KEEP,"किसी पदार्थ के एकांक द्रव्यमान को, उसके तापमान में परिवर्तन किए बिना द्रव से वाष्प में बदलने के लिए अपेक्षित ऊष्मा की मात्रा को क्या कहा जाता है?","A. विशिष्ट ऊष्मा   |   B. विशिष्ट गुप्त ऊष्मा   |   C. तापीय धारिता   |   D. ऊष्मा ऊर्जा"
737,KEEP,"वह तापमान जिस पर 'किसी खुले पात्र में रखे द्रव का वाष्प-दाब वायुमंडलीय दाब के बराबर हो जाता है', क्या कहा जाता है?","A. गलनांक (Melting point)   |   B. क्वथनांक (Boiling point)   |   C. द्रव बिंदु (Liquid point)   |   D. उपर्युक्त में से कोई नहीं"
738,KEEP,"पृष्ठ-तनाव के बारे में निम्नलिखित में से कौन-सा कथन सही है?","A. तापमान में वृद्धि होने पर इसमें वृद्धि होती है   |   B. तापमान में वृद्धि होने पर इसमें कमी होती है   |   C. तापमान में वृद्धि या कमी होने पर यह एकसमान बना रहेगा   |   D. तापमान में वृद्धि या कमी होने पर इसमें सदैव कमी होगी"
739,KEEP,"कोई पिंड जल में डूब जाता है, जब","A. जल का घनत्व पिंड के घनत्व से अधिक होता है   |   B. जल का घनत्व पिंड के घनत्व से कम होता है   |   C. जल का घनत्व पिंड के घनत्व के बराबर होता है   |   D. पिंड भारी होता है"
740,KEEP,"मैदान पर किसी क्षेत्ररक्षक तेज गति से आने वाली किसी क्रिकेट गेंद को कैच करते (पकड़ते) समय अपने हाथों को क्रमशः पीछे की ओर क्यों खींचता है?","A. गेंद के त्वरण को कम करने के लिए   |   B. गेंद के त्वरण को बढ़ाने के लिए   |   C. गेंद के वेग में वृद्धि करने के लिए   |   D. उपर्युक्त में से कोई नहीं"
741,KEEP,"जल से भरी किसी टंकी का तल उठा हुआ प्रतीत होता है। यह किस कारण से होता है?","A. प्रकाश का परावर्तन   |   B. प्रकाश का अपवर्तन   |   C. प्रकाश का व्यतिकरण   |   D. प्रकाश का विवर्तन"
742,KEEP,"SONAR का पूर्ण रूप है","A. सोनोग्राफिक नेचुरल रेंजिंग   |   B. सिम्पल ऑपरेशनल नेविगेशन रेंजिंग   |   C. साउंड नेविगेशन एंड रेंजिंग   |   D. सिम्पल ऑपरेशनल नेचुरल रेंजिंग"
743,KEEP,"निम्नलिखित में से किस विकिरण का दीर्घ तरंगदैर्ध्य होता है?","A. ऐक्स किरण (X-rays)   |   B. पराबैंगनी (Ultraviolet)   |   C. सूक्ष्म तरंग (Micro Wave)   |   D. अवरक्त (Infra-red)"
744,KEEP,"स्थैतिक अवस्था में विद्यमान किसी पदार्थ के लिए, निम्नलिखित में से कौन-सा कथन सही है?","A. किसी विद्युत-रोधी को आवेशित किया जा सकता है   |   B. एक आदर्श चालक को आवेशित किया जा सकता है   |   C. आदर्श चालक और विद्युत-रोधी दोनों को आवेशित किया जा सकता है   |   D. आदर्श चालक और विद्युत-रोधी दोनों को आवेशित नहीं किया जा सकता है"
745,KEEP,"एक व्यक्ति निकट की वस्तुओं को साफ-साफ देख सकता है किंतु दूर स्थित वस्तुओं को सुस्पष्ट नहीं देख सकता है, वह ग्रसित है","A. दीर्घ-दृष्टि दोष (हाइपरमेट्रोपिया)   |   B. जरा दूरदृष्टिता (प्रेसबायोपिया)   |   C. निकट-दृष्टि दोष (मायोपिया)   |   D. उपर्युक्त में से कोई नहीं"
746,KEEP,"किसी निकाय (सिस्टम) के लिए ऊर्जा हमेशा संरक्षित रहती है जो","A. केवल वियुक्त (isolated) है   |   B. केवल अवियुक्त (non-isolated) है   |   C. वियुक्त और अवियुक्त दोनों हैं   |   D. उपर्युक्त में से कोई नहीं"
747,KEEP,"जब M द्रव्यमान की गेंद को बिंदु A से ऊपर की ओर उछाला जाता है, यह उच्चतम बिंदु B तक पहुंचती है और वापस A के पास आ जाती है। निम्नलिखित में से कौन-सा सही है?","A. A पर गतिज ऊर्जा = B पर स्थितिज ऊर्जा   |   B. A पर गतिज ऊर्जा = A पर स्थितिज ऊर्जा   |   C. B पर गतिज ऊर्जा = B पर स्थितिज ऊर्जा   |   D. B पर गतिज ऊर्जा = A पर गतिज ऊर्जा"
748,KEEP,"निम्नलिखित में से किसने अप्रैल 1936 में लखनऊ में अखिल भारतीय किसान सभा के पहले सत्र की अध्यक्षता की?","A. सहजानंद सरस्वती   |   B. आर. जी. रंगा   |   C. राम मनोहर लोहिया   |   D. जयप्रकाश नारायण"
749,KEEP,"निम्नलिखित में से किसने 'आत्म-सम्मान आंदोलन (Self-Respect Movement)' का प्रवर्तन किया?","A. ज्योतिबा फुले   |   B. स्वामी विवेकानंद   |   C. इ. बी. रामास्वामी नायकर   |   D. डॉ. बी. आर. अंबेडकर"
750,KEEP,"चोल शिलालेख में भूमि की कई श्रेणियों का उल्लेख है। निम्नलिखित में से कौन-सी, विद्यालयों के रख-रखाव के लिए थी?","A. तिरुनामतुक्कनी   |   B. शालाभोग   |   C. वेल्लनवगाई   |   D. पल्लीच्छंदम"
751,KEEP,"होम रूल लीग के बारे में निम्नलिखित में से कौन-सा कथन सही है? 1. लोकमान्य तिलक ने अप्रैल 1916 में बेलगाम में आयोजित बॉम्बे प्रोविंशियल कॉन्फ्रेंस में होम रूल लीग का गठन किया 2. एनी बेसेंट ने सितंबर 1916 में होम रूल लीग के गठन की घोषणा की 3. टकराव से बचने के लिए तिलक की लीग को महाराष्ट्र (बॉम्बे नगर को छोड़कर) कर्नाटक, मध्य प्रांत और बरार में कार्य करना था और बेसेंट की लीग को शेष भारत का प्रभार दिया गया","A. केवल 1 और 2   |   B. केवल 1 और 3   |   C. केवल 2 और 3   |   D. 1, 2 और 3"
752,KEEP,"ईश्वर चंद्र विद्यासागर के संबंध में निम्नलिखित में से कौन-सा कथन सही नहीं है?","A. वे संस्कृत कॉलेज, कलकत्ता के प्रधानाचार्य थे   |   B. वे सरकारी विद्यालय निरीक्षक (Government Inspector of Schools) थे   |   C. वे बेथुन स्कूल के सेक्रेटरी थे   |   D. वे विधवा पुनर्विवाह एसोसिएशन के संस्थापक थे"
753,KEEP,"Match List I with List II and select the answer using the code given below the Lists: List I (Reformer) | List II (Social Work/Text) A. Vishnu Shastri Pundit | 1. Vedic Physics: Scientific Origin of Hinduism B. Karsondas Mulji | 2. Widow Remarriage Association C. Debendranath Tagore | 3. Satya Prakash D. Raja Ram Mohan Roy | 4. Tattvabodhini Sabha","A. A-1, B-3, C-4, D-2   |   B. A-1, B-4, C-3, D-2   |   C. A-2, B-3, C-4, D-1   |   D. A-2, B-4, C-3, D-1"
754,KEEP,"In the Harappan Civilization, traces of canals have been found at","A. Banawali   |   B. Lothal   |   C. Shortughai   |   D. Dholavira"
755,KEEP,"Arrange the following foreign travelers to India in chronological order, beginning with the earliest: 1. Peter Mundy 2. Antonio Monserrate 3. Afanasii Nikitin 4. Ibn Battuta","A. 2-1-4-3   |   B. 2-3-4-1   |   C. 4-3-2-1   |   D. 3-4-1-2"
756,KEEP,"With which of the following was the Bretton Woods System NOT associated","A. International Monetary Fund   |   B. Economic recovery after the Second World War   |   C. International Bank for Reconstruction and Development   |   D. Establishment of a monetary system based on floating exchange rate"
757,KEEP,"Senguttuvan is the name of","A. a Pandya ruler   |   B. a Chola king   |   C. a minister in Satavahana court   |   D. the capital city of the Cheras"
758,KEEP,"The Ramacharita, an example of dvyasrya-kavya, telling two stories simultaneously, was written by","A. Subandhu   |   B. Bhatti   |   C. Sandhyakara   |   D. Kamban"
759,KEEP,"Which of the following Acts established the Board of Control to guide and control the work of the Court of Directors and the Government of India?","A. Regulating Act of 1773   |   B. Pitt's India Act of 1784   |   C. Charter Act of 1793   |   D. Charter Act of 1813"
760,KEEP,"Who among the following Sikh Gurus laid the foundation of the Khalsa Panth?","A. Guru Nanak   |   B. Guru Arjan   |   C. Guru Hargobind   |   D. Guru Gobind Singh"
761,KEEP,"Which one among the following plans is also known as Mahalanobis Plan?","A. First Five Year Plan   |   B. Second Five Year Plan   |   C. Third Five Year Plan   |   D. Sixth Five Year Plan"
762,KEEP,"Which of the following were the years of Annual Plans?","A. 1956-1957   |   B. 1966-1969   |   C. 1975-1976   |   D. 1992-1993"
763,KEEP,"Which of the following rights under the Constitution of India is/are Fundamental Right(s)? 1. Right to work 2. Right to privacy 3. Right to free and compulsory education in the age bracket of six to eighteen years","A. 1 and 2   |   B. 2 and 3   |   C. 2 only   |   D. 3 only"
764,KEEP,"Which one of the following committees is NOT associated with decentralization of Panchayati Raj institutions in India?","A. Balwant Rai Mehta Committee   |   B. Ashok Mehta Committee   |   C. L. M. Singhvi Committee   |   D. Abhijit Sen Committee"
765,KEEP,"The reaction that occurs on passing carbon dioxide gas through lime water is","A. CaCO3 + H2O + CO2 -> Ca(HCO3)2   |   B. Ca(OH)2 + CO2 -> CaCO3 + H2O   |   C. CaO + CO2 -> CaCO3   |   D. CaCl2 + H2O + CO2 -> CaCO3 + 2HCl"
766,KEEP,"Which one of the following statements is NOT correct? (a) Water of crystallization is the fixed number of water molecules present in one formula unit of a salt (b) The molecular formula of Plaster of Paris is CaSO4.2H2O (c) Washing soda is used for removing the permanent hardness of water (d) The atmosphere of Venus is made up of thick white and yellow clouds of sulphuric acid","A. (a)   |   B. (b)   |   C. (c)   |   D. (d)"
767,KEEP,"Which one of the following type of medicines is used for treating indigestion?","A. Analgesic   |   B. Antiseptic   |   C. Antibiotic   |   D. Antacid"
768,KEEP,"Which one of the following is NOT present in cement?","A. 2CaO.SiO2   |   B. 3CaO.SiO2   |   C. 4CaO.SiO2   |   D. 3CaO.Al2O3"
769,KEEP,"Which one of the following is NOT a chemical change?","A. Burning of coal   |   B. Rusting of metal   |   C. Melting of ice   |   D. Reaction of acid with base"
770,KEEP,"Which one of the following statements is NOT correct? (a) The interconversion of states of matter is a physical change (b) During burning of a candle, both chemical and physical changes take place (c) During a physical change, the chemical composition of molecules changes (d) Rusting of iron is a chemical change","A. (a)   |   B. (b)   |   C. (c)   |   D. (d)"
771,KEEP,"Which one of the following is NOT a heterogeneous mixture?","A. Sulphur in carbon disulphide   |   B. Mixture of sugar and salt crystals   |   C. Sandy water   |   D. Sulphur in water"
772,KEEP,"Match List I with List II and select the answer using the code given below the Lists: List I (Element) | List II (Atomicity) A. Phosphorus | 1. 2 B. Nitrogen | 2. 1 C. Neon | 3. 8 D. Sulphur | 4. 4","A. A-4, B-1, C-2, D-3   |   B. A-4, B-2, C-1, D-3   |   C. A-3, B-2, C-1, D-4   |   D. A-3, B-1, C-2, D-4"
773,KEEP,"Which of the following are the factors that cause variation in the amount of insolation on the Earth?","A. 1 only   |   B. 1 and 2 only   |   C. 2 and 3 only   |   D. 1, 2 and 3"
774,KEEP,"Which of the following factors influence the ocean currents?","A. 1 and 4 only   |   B. 2 and 3 only   |   C. 1, 2 and 3 only   |   D. 1, 2, 3 and 4"
775,KEEP,"Which of the following is/are warm ocean current(s)?","A. 1 only   |   B. 1 and 2   |   C. 3 and 4   |   D. 4 only"
776,KEEP,"State of Assam shares borders with how many other countries and Indian states respectively?","A. 2 countries and 6 Indian states respectively   |   B. 2 countries and 7 Indian states respectively   |   C. 3 countries and 7 Indian states respectively   |   D. 3 countries and 6 Indian states respectively"
777,KEEP,"Which one of the following is the northernmost river basin of the Deccan Plateau?","A. Chambal   |   B. Mahi   |   C. Narmada   |   D. Tapti"
778,KEEP,"Laterite soil in India is rich in which of the following?","A. 1 only   |   B. 1 and 2   |   C. 3 and 4   |   D. 4 only"
779,KEEP,"Which of the following statements with reference to crops cultivated in India is/are correct?","A. 1 only   |   B. 2 only   |   C. Both 1 and 2   |   D. Neither 1 nor 2"
780,KEEP,"Match List I with List II and select the answer using the code given below the Lists:","A. A-3, B-1, C-4, D-2   |   B. A-3, B-4, C-1, D-2   |   C. A-2, B-1, C-4, D-3   |   D. A-2, B-4, C-1, D-3"
781,KEEP,"Which one among the following is NOT a beneficiary state from the Vindhyachal Power Plant of the NTPC?","A. Gujarat   |   B. Goa   |   C. Maharashtra   |   D. Uttar Pradesh"
782,KEEP,"Consider the following pairs with reference to Thermal Power Plants and their location in respective states in India:","A. 1   |   B. 2   |   C. 3   |   D. 4"
783,KEEP,"The book 'The Origin of Species by Means of Natural Selection' was authored by","A. Charles Darwin   |   B. Carolus Linnaeus   |   C. Barbara McClintock   |   D. Copernicus"
784,KEEP,"The headquarters of World Meteorological Organization (WMO) is located at","A. Switzerland   |   B. Scotland   |   C. South Africa   |   D. Italy"
785,KEEP,"The optimum pH at which the enzymes pepsin and trypsin of the human alimentary canal works are","A. pH 2.0 and 7.9, respectively   |   B. pH 4.5 and 3.5, respectively   |   C. pH 9.5 and 4.5, respectively   |   D. pH 7.0 and 8.0, respectively"
786,KEEP,"The amount of air breathed in and out during a normal respiration by human lungs is referred to as","A. Vital capacity   |   B. Tidal volume   |   C. Inspiratory volume   |   D. Total lung capacity"
787,KEEP,"Which one among the following statements about arteries and veins in humans is NOT correct?","A. Arteries carry blood away from heart while veins bring blood towards the heart   |   B. Pulmonary arteries always carry oxygenated blood while Pulmonary veins always carry deoxygenated blood   |   C. Arteries have thicker and more elastic walls compared to veins in general   |   D. Arteries do not have valves but veins do have valves"
788,KEEP,"Identify the functions that are controlled by the hind brain of human being","A. Involuntary actions such as blood pressure, salivation vomiting etc.   |   B. Controlling the regions receiving sensory impulses from receptors   |   C. Controlling the movement of voluntary muscles   |   D. Sensation of hunger or being full"
789,KEEP,"Iodized salt is a vital part of our diet as it is essential for the synthesis of","A. Estrogen   |   B. Thyroxin   |   C. Insulin   |   D. Adrenalin"
790,KEEP,"The menstrual cycle in females is controlled by hormones that are secreted by","A. Ovary and lacrimal gland   |   B. Ovary and sebaceous gland   |   C. Ovary and pituitary gland   |   D. Prostate and pituitary gland"
791,KEEP,"Which one of the following blood cells type secrete large number of antibodies during an immune response of the body?","A. Neutrophils   |   B. Eosinophils   |   C. Lymphocytes   |   D. Monocytes"
792,KEEP,"Which of the following organelles have their own DNA and ribosomes?","A. Endoplasmic reticulum and Golgi bodies   |   B. Mitochondria and Chloroplast   |   C. Endoplasmic reticulum and cytoskeleton   |   D. Cell wall and nucleolus"
793,KEEP,"Mohan was living in a deplorable condition.","A. reprehensible   |   B. opprobrious   |   C. despicable   |   D. commendable"
794,KEEP,"These exercises will counteract the effects of stress and tension.","A. exacerbate   |   B. foil   |   C. thwart   |   D. contravene"
795,KEEP,"You have to persevere with difficult students.","A. give up   |   B. persist   |   C. carry on   |   D. stand firm"
796,KEEP,"Their new colour scheme is hideous.","A. appalling   |   B. beautiful   |   C. grotesque   |   D. macabre"
797,KEEP,"Everywhere they go, they squander their earnings.","A. fritter away   |   B. splurge   |   C. squabble   |   D. manage"
798,KEEP,"The Earth's climate is ______ changing and evolving.","A. passionately   |   B. continually   |   C. deadly   |   D. thoughtfully"
799,KEEP,"Some of ______ changes have been due to natural causes.","A. these   |   B. those   |   C. this   |   D. that"
800,KEEP,"but others can be attributed to ______ activities such as deforestation,","A. practical   |   B. geological   |   C. human   |   D. animal"
801,KEEP,"emissions from industry and transport, etc., which have led to the ______ of gases and aerosols","A. assimilation   |   B. absolution   |   C. collection   |   D. accumulation"
802,KEEP,"in ______ atmosphere.","A. an   |   B. a   |   C. the   |   D. no article"
803,KEEP,"These gases are known as greenhouse gases because they trap heat and ______ air temperatures","A. raise   |   B. hike   |   C. rise   |   D. balance"
804,KEEP,"near the ground, acting like a greenhouse on the surface of the ______.","A. crust   |   B. core   |   C. mantle   |   D. planet"
805,KEEP,"In order to create and strengthen the scientific and analytical capacity ______ assessment of climate change","A. for   |   B. of   |   C. in   |   D. to"
806,KEEP,"in the country, different studies under Climate Change Action Programme ______.","A. are developed   |   B. are initiated   |   C. have developed   |   D. have initiated"
807,KEEP,"Many important bilateral and multilateral meetings and negotiations are held ______ regular intervals","A. with   |   B. at   |   C. in   |   D. on"
808,KEEP,"He paused ______.","A. with a few moments   |   B. for a few moments   |   C. by a few moments   |   D. into a few moments"
809,KEEP,"Late at night, our car ______.","A. broke down on the highway   |   B. broke up on the highway   |   C. broke into the highway   |   D. broke out on the highway"
810,KEEP,"All the countries signed the treaty ______.","A. beneath Germany and France   |   B. except Germany and France   |   C. among Germany and France   |   D. during Germany and France"
811,KEEP,"I reminded her ______.","A. to turn off the lights at night   |   B. to call off the lights at night   |   C. to drop off the lights at night   |   D. to break off the lights at night"
812,KEEP,"They told us about the woman ______.","A. whom lived next door   |   B. which lived next door   |   C. who lived next door   |   D. whose lived next door"
813,KEEP,"I'll see you ______.","A. at the end of February   |   B. on the end of February   |   C. along the end of February   |   D. for the end of February"
814,KEEP,"I dislike films ______.","A. who have sad endings   |   B. that have sad endings   |   C. whose have sad endings   |   D. whom have sad endings"
815,KEEP,"The thieves denied ______.","A. having stealing the money   |   B. stealing the money   |   C. had stolen the money   |   D. having to steal the money"
816,KEEP,"Did you ______ drop out to see Sunita on your way home?","A. drop out   |   B. drop in   |   C. drop behind   |   D. drop away"
817,KEEP,"Would you like to ______?","A. meeting her   |   B. meet her   |   C. met her   |   D. meet with her"
818,KEEP,"Be bad news","A. feelings of hate   |   B. someone who behaves in a dishonest way   |   C. someone who is considered undesirable   |   D. to be ill"
819,KEEP,"Back to the drawing board","A. to draw comparisons   |   B. to be a member of planning group   |   C. to start planning again because the previous plan has failed   |   D. to be fast at understanding a situation"
820,KEEP,"Be in the eye of the storm","A. to look at something quickly   |   B. to fail miserably at a sport   |   C. to see something that you do not want to see   |   D. to be in the midst of a controversy"
821,KEEP,"Life in the fast lane","A. to lead a selfless life   |   B. to have a happy life without complaints   |   C. life without money or comforts   |   D. an exciting and eventful lifestyle"
822,KEEP,"To pass the buck","A. to collect money from a group of people   |   B. to shift the responsibility of something to someone   |   C. to have a short conversation with someone   |   D. to have the credentials for a particular job"
823,KEEP,"You are most welcome to visit my humble abode.","A. Noun   |   B. Adjective   |   C. Adverb   |   D. Participle"
824,KEEP,"The situation is beyond our control.","A. Adjective   |   B. Adverb   |   C. Conjunction   |   D. Preposition"
825,KEEP,"I didn't tell him anything except that I needed the money.","A. Adjective   |   B. Adverb   |   C. Preposition   |   D. Conjunction"
826,KEEP,"He dry-cleaned my coat nicely.","A. Adjective   |   B. Adverb   |   C. Relative pronoun   |   D. Conjunction"
827,KEEP,"Would you like to buy this new item?","A. Determiner   |   B. Conjunction   |   C. Interjection   |   D. Adjective"
828,KEEP,"Which one of the following does not belong to the biotic community?","A. Water   |   B. Human   |   C. Protozoa   |   D. Bush"
829,KEEP,"The nature of the biotic community largely depends on: 1. Biotic components 2. Abiotic components. Select the correct answer using the code given below:","A. 1 only   |   B. 2 only   |   C. Both 1 and 2   |   D. Neither 1 nor 2"
830,KEEP,"Which of the following is not an abiotic factor?","A. Temperature   |   B. Humidity   |   C. Algae   |   D. Moisture"
831,KEEP,"Species are defined on the basis of:","A. Similarities only   |   B. Differences only   |   C. Both similarities and differences   |   D. None of the above"
832,KEEP,"An infinite combination of resistors, each having resistance R = 4 Ω, is given below. What is the net resistance between the points A and B?","A. 0 Ω   |   B. 2 + 2√5 Ω   |   C. 2 + √5 Ω   |   D. ∞ Ω"
833,KEEP,"An electric circuit is given below. V1 = 1 V and Resistance R = 1000 Ω. The current through the resistance R is very close to 1 mA and the voltage across point A and B, VAB = 1 V. Now the circuit is changed to: [Circuit with V1 and V2 in series] where value of V2 = 5 V. The internal resistances of both the batteries are 0.1 Ω. The current through the resistance R is about:","A. 1.0 mA   |   B. 1.2 mA   |   C. 3.0 mA   |   D. 5.0 mA"
834,KEEP,"If the current through an electrical machine running on direct current is 15 A and the machine runs for 10 minutes, the charge that passes through the machine during this time is:","A. 1.50 C   |   B. 150 C   |   C. 900 C   |   D. 9000 C"
835,KEEP,"Which one of the following is the best shape of a solid metal rod to form the top end of a lightning conductor?","A. Pointed cone   |   B. Cylinder   |   C. Sphere   |   D. Rectangle"
836,KEEP,"Which of the following forces is/are fundamental in nature? 1. Gravitational force 2. Electromagnetic forces 3. Strong and weak nuclear forces. Select the correct answer using the code given below:","A. 1 only   |   B. 1 and 2 only   |   C. 2 and 3 only   |   D. 1, 2 and 3"
837,KEEP,"A spherical shell of outer radius R and inner radius R/2 contains a solid sphere of radius R/2 (see figure). The density of the material of the solid sphere is ρ and that of the shell is ρ/2. What is the average mass density of the larger sphere thus formed?","A. 3ρ/4   |   B. 9ρ/16   |   C. 7ρ/8   |   D. 5ρ/8"
838,KEEP,"The human eye is like a camera that has a lens with:","A. fixed focal length and fixed aperture size.   |   B. variable focal length and fixed aperture size.   |   C. fixed focal length and variable aperture size.   |   D. variable focal length and variable aperture size."
839,KEEP,"Under Article 371A of the Constitution of India, with respect to which of the following item(s) the Parliament of India shall not apply to the State of Nagaland, unless the Legislative Assembly of the State of Nagaland by a resolution so decides? 1. Religious or social practices of Nagas 2. Naga customary law and procedure 3. Ownership and transfer of land and its resources 4. Boundaries of Nagaland with other states. Select the answer using the code given below:","A. 1 only   |   B. 2 and 3 only   |   C. 1, 2 and 3 only   |   D. 1, 2, 3 and 4"
840,KEEP,"Under Article 191 of the Constitution of India, a person shall be disqualified for being chosen as, and for being, a member of the Legislative Assembly or Legislative Council of a state if the person holds any office of profit under: 1. the Government of India. 2. any State Government. Select the answer using the code given below:","A. 1 only   |   B. 2 only   |   C. Both 1 and 2   |   D. Neither 1 nor 2"
841,KEEP,"Consider the following statements about ancient Indian inscriptions: 1. The earliest inscriptions are in Sanskrit. 2. Kharosthi script, used in inscriptions in the north-west, was deciphered with the help of coins of Indo-Greek kings who ruled over the area. 3. Most of the inscriptions mention grand, unique events, and routine agricultural practices do not find mention. How many of the above statements is/are correct?","A. 1   |   B. 2   |   C. 3   |   D. None"
842,KEEP,"The relative atomic mass of boron (which exists in two isotopic forms 10B and 11B) is 10.81. What will be the abundance of 10B and 11B, respectively (consider a sample of 100 atoms)?","A. 19% and 81%   |   B. 81% and 19%   |   C. 38% and 62%   |   D. 62% and 38%"
843,KEEP,"Which among the following are essential constituents of Portland cement?","A. Sand, lime, clay   |   B. Silica, alumina, lime   |   C. Silica, lime, graphite powder   |   D. Sand, graphene, clay"
844,KEEP,"Litmus, a well-known acid-base indicator, is derived from:","A. Fungi   |   B. Lichens   |   C. Bacteria   |   D. Termite"
845,KEEP,"What is the oxidation state of Vanadium in V2O5?","A. + 2   |   B. + 4   |   C. + 3   |   D. + 5"
846,KEEP,"Match List-I with List-II and select the correct answer using the code given below the Lists: List-I (Allotrope of Carbon) A. Graphite B. Diamond C. Fullerene D. Graphene List-II (Property) 1. Thinnest and strongest material 2. Hardest natural substance 3. Very light and strong material 4. Soft and slippery material","A. (a) 4 2 3 1   |   B. (b) 4 3 2 1   |   C. (c) 1 3 2 4   |   D. (d) 1 2 3 4"
847,KEEP,"Which of the following statements regarding 'aurora' is/are correct? 1. The solar wind upon reaching the Earth's atmosphere is directed towards two magnetic poles and a colourful display of lights is seen in the night sky. 2. The particles interact with the different gases of the atmosphere and each gas glows with a particular colour. 3. In April 2023, aurora was captured in the night sky in India by the Indian Astronomical Observatory at Hanle, Ladakh.","A. 1 only   |   B. 2 and 3 only   |   C. 1 and 3 only   |   D. 1, 2 and 3"
848,KEEP,"Which of the following statements regarding Barchan is/are correct? 1. It is a crescent shaped mound of sand, which is deposited by the wind blowing constantly from one direction in a desert. 2. The windward side has a convex steep slope with maximum height at the centre. 3. Two ends of Barchan are called horns and point opposite to the direction the wind blows.","A. 1 only   |   B. 1 and 2 only   |   C. 1 and 3 only   |   D. 1, 2 and 3"
849,KEEP,"Which of the following statements regarding Regur soil is/are correct? 1. It is a light coloured, clayey and fertile soil. 2. It is developed on Deccan basaltic lava under hot and humid conditions. 3. Cotton is extensively cultivated in this soil.","A. 1 and 2   |   B. 2 and 3   |   C. 2 only   |   D. 3 only"
850,KEEP,"Which of the following statements regarding clouds is/are correct? 1. Clouds are classified on the basis of altitude and their form. 2. According to altitude they are classified as High, Middle and Low clouds. 3. Stratus, Nimbostratus and Stratocumulus are high clouds.","A. 1 only   |   B. 1 and 2 only   |   C. 2 and 3 only   |   D. 1, 2 and 3"
851,KEEP,"Consider the following statements regarding 'fronts': 1. The movement of a front causes a slow change in weather in the area over which it moves. 2. Cold fronts are associated with thunderstorms. 3. Warm front is the boundary between an advancing mass of warm air where it is overriding and rising above a mass of colder air.","A. 1 only   |   B. 1 and 2 only   |   C. 2 and 3 only   |   D. 1, 2 and 3"
852,KEEP,"Consider the following statements regarding soils: 1. Soils having a very high content of sodium and calcium and pH of more than 7.0 are alkaline soils. 2. Black cotton soil had developed on the Deccan basaltic lava under hot and humid conditions. 3. Laterite soils are characterised by a deep weathered layer from which silica has been leached.","A. 1 only   |   B. 1 and 2 only   |   C. 2 and 3 only   |   D. 1, 2 and 3"
853,KEEP,"Consider the following characteristics of a grassland: 1. An extensive area of mid latitude grasslands are devoid of trees and shrubs. 2. The climate is characterised by hot summers, cold winters and relatively low rainfall occurring mainly in spring and summer. 3. In humid parts, grasses grow to a meter or more in height. On the basis of the above characteristics, select the correct grassland from the options given below:","A. Steppes   |   B. Prairies   |   C. Savanna   |   D. Pampas"
854,KEEP,"Which of the following statements regarding animal cell membrane is correct?","A. They are composed of phospholipids only.   |   B. They are composed of proteins only.   |   C. They are composed of phospholipids and proteins only.   |   D. They are composed of phospholipids, proteins and cholesterol (lipid)."
855,KEEP,"Which of the following is not a part of compound microscope?","A. Mirror   |   B. Stage   |   C. Clip   |   D. Retina"
856,KEEP,"Which one of the following is the correct sequence in increasing complexity?","A. Protein - Organism - Tissue - Organ   |   B. Protein - Organ - Tissue - Organism   |   C. Protein - Organism - Organ - Tissue   |   D. Protein - Tissue - Organ - Organism"
857,KEEP,"Consider the following cell types: 1. Monocyte 2. Chondrocyte 3. Basophil 4. Lymphocyte. How many of the above belong to animal cell types?","A. 1   |   B. 2   |   C. 3   |   D. 4"
858,KEEP,"In the human digestive system, which one among the following is the role of the pancreas?","A. Secretion of surfactants to break up lipid droplets   |   B. Storage and regulated release of bile   |   C. Secretion of lipase, amylase and protease   |   D. Neutralizing stomach acids"
859,KEEP,"Consider the following statements: 1. DNA replication takes place when chromatin is opened up. 2. Chromatin organises itself into rod-shaped chromosomes before cell division. 3. Both prokaryotes and eukaryotes have the same process for cell division. Which of the statements given above is/are correct?","A. 1 only   |   B. 1 and 2 only   |   C. 1, 2 and 3   |   D. 3 only"
860,KEEP,"A uniform meter scale of mass 0.24 kg is made of steel. It is kept on two wedges, W1 and W2, in a horizontal position. W1 is at a distance of 0.2 m from one of its ends, while W2 is at distance of 0.4 m from the other end. If the force on the scale is N1 due to W1 and N2 due to W2, then: (take g = 10.0 m s^-2)","A. N1 = 1.6 N and N2 = 0.8 N   |   B. N1 = 0.8 N and N2 = 1.6 N   |   C. N1 = 0.6 N and N2 = 1.8 N   |   D. N1 = 1.8 N and N2 = 0.6 N"
861,KEEP,"Escape speed from the Earth is close to 11.2 km s^-1. On another planet whose radius is half of the Earth's radius and whose mass density is four times that of the Earth, the escape speed in km s^-1 will be close to:","A. 11.2   |   B. 15.8   |   C. 5.6   |   D. 7.9"
862,KEEP,"Which one of the following does not apply to sound waves in fluids?","A. They transport energy   |   B. They need a medium to travel   |   C. They are transverse   |   D. They travel faster in liquids than in gases"
863,KEEP,"A ball of 0.1 kg mass is dropped on a hard floor from a height of 0.45 m and rises to a height of 0.20 m. If it was in touch with the floor for 0.1 s, the net force it applied on the floor while bouncing is: (take the gravitational acceleration g = 10 m s^-2)","A. 1.0 N   |   B. 6.0 N   |   C. 3.0 N   |   D. 5.0 N"
864,KEEP,"Which one of the following statements regarding simple pendulum is correct?","A. only for small amplitudes because then the net force on its bob is independent of its displacement.   |   B. for any amplitude because the net force on the bob is always proportional to its displacement.   |   C. for any amplitude because the net force on the bob is independent of its displacement.   |   D. only for small amplitudes because then the net force on its bob is proportional to its displacement."
865,KEEP,"Which one of the following about different frictional forces is correct?","A. Kinetic friction > Static friction > Rolling friction   |   B. Static friction > Rolling friction > Kinetic friction   |   C. Static friction > Kinetic friction > Rolling friction   |   D. Static friction > Kinetic friction = Rolling friction"
866,KEEP,"A metallic bob X of mass m is released from position A. It collides elastically with another identical bob Y placed at rest on a horizontal frictionless table. The angle AOB is 30°. How high does the bob X rise immediately after the collision?","A. To the same height as that of position A on the other side in the same trajectory   |   B. To half the height as that of position A on the other side along the same trajectory   |   C. The same height at position A   |   D. It stops at position B"
867,KEEP,"Consider the two statements given below: Statement-1: Infrared waves are also called heat waves. Statement-2: Water molecules readily absorb infrared waves. Select the correct answer using the code given below:","A. Both the statements are individually true and Statement-2 is the correct explanation of Statement-1.   |   B. Both the statements are individually true but Statement-2 is not the correct explanation of Statement-1.   |   C. Statement-1 is true, but Statement-2 is false.   |   D. Statement-2 is true, but Statement-1 is false."
868,KEEP,"Match List-I with List-II and select the correct answer using the code given below the Lists: List-I (Unit in use in early India) List-II (Content) A. Muhurta 1. Measure of weight B. Raktika 2. Measure of time C. Angula 3. Metre of poetry D. Pada 4. Measure of length","A. A-2, B-1, C-4, D-3   |   B. A-2, B-4, C-1, D-3   |   C. A-3, B-1, C-4, D-2   |   D. A-3, B-1, C-4, D-2"
869,KEEP,"First coins in Indian history bearing the names and images of rulers were issued by the:","A. Mauryas   |   B. Pushyabhutis   |   C. Guptas   |   D. Indo-Greeks"
870,KEEP,"Social theorists in the nineteenth and twentieth centuries emphasised the emergence of industrialisation, urbanisation, secularisation and bureaucratisation as hallmarks of:","A. Modernity   |   B. Feudalism   |   C. Kingship   |   D. Medievalism"
871,KEEP,"Consider the following events: 1. Launch of Non-Cooperation Movement 2. All-India Khilafat Conference in Delhi 3. Passing of the Rowlatt Act 4. Jallianwala Bagh incident Which one of the following is the correct chronological order (earliest to latest)?","A. 1, 2, 3, 4   |   B. 3, 4, 2, 1   |   C. 3, 2, 4, 1   |   D. 2, 3, 4, 1"
872,KEEP,"Match List-I with List-II and select the correct answer using the code given below the Lists: List-I (System/Category) List-II (Description) A. Upari 1. Peasants directly responsible for the payment of revenue B. Pattadar 2. Category of tenancy tenure held under the Marathas C. Mirasidar 3. Gifts of land or land revenue D. Inam lands 4. Co-parcenary title holder and designated revenue payer in southern India","A. A-2, B-1, C-4, D-3   |   B. A-2, B-4, C-1, D-3   |   C. A-3, B-4, C-1, D-2   |   D. A-3, B-1, C-4, D-2"
873,KEEP,"Which of the following statements about Vijayanagara king Krishnadevaraya's expeditions are correct? 1. In the early years of his reign he marched against the ruler of Orissa. 2. In 1520 CE, he captured the fort of Raichur from Ismail Adil Khan. 3. Krishnadevaraya restored Sultan Mahmud Shah to power and assumed the title of Yavana-rajya-sthapan-acharya. Select the correct answer using the code given below:","A. 1 and 3 only   |   B. 2 and 3 only   |   C. 1, 2 and 3   |   D. 1 and 2 only"
874,KEEP,"Water gas is a mixture of:","A. CO2 and H2   |   B. CO and H2   |   C. CO2 and H2O   |   D. CO and H2O"
875,KEEP,"Human body works in the pH range of:","A. 6.8 - 7.2   |   B. 7.0 - 7.8   |   C. 6.5 - 7.5   |   D. 7.5 - 8.0"
876,KEEP,"Which one among the following statements with reference to the properties of water is not correct?","A. The specific heat of water is abnormally high.   |   B. Latent heat of fusion of water is very low.   |   C. Density of water is higher than ice.   |   D. Pure water is a non-conductor of electricity."
877,KEEP,"Which one among the following compounds has a sweet and fruity smell?","A. Ethyl alcohol   |   B. Acetic acid   |   C. Ethyl acetate   |   D. Acetophenone"
878,KEEP,"What is the coordination number of Na+ and Cl- ions in NaCl lattice?","A. 6, 1   |   B. 1, 6   |   C. 6, 6   |   D. 5, 5"
879,KEEP,"Which one among the following is present in the nettle leaf hairs that causes burning pain?","A. Methanoic acid   |   B. Ethanoic acid   |   C. Benzoic acid   |   D. Acetic acid"
880,KEEP,"Which one among the following is known as Milk of Magnesia?","A. Magnesium bicarbonate   |   B. Magnesium carbonate   |   C. Magnesium sulphate   |   D. Magnesium hydroxide"
881,KEEP,"Which among the following is the correct composition of Borax?","A. Sodium, Boron, Magnesium and Hydrogen   |   B. Sodium, Boron, Oxygen and Hydrogen   |   C. Potassium, Boron, Oxygen and Hydrogen   |   D. Sodium, Boron, Nitrogen and Hydrogen"
882,KEEP,"Which one among the following oxides has the highest melting point?","A. Na2O   |   B. MgO   |   C. Fe2O3   |   D. CuO"
883,KEEP,"Which of the following statements regarding neap tides is/are correct? 1. It occurs every 14-15 days, which coincides with the first and third quarter of the Moon. 2. This tide has a small tidal range because the gravitational forces of the Moon and the Sun are in quadrature. Select the answer using the code given below:","A. 1 only   |   B. 2 only   |   C. Both 1 and 2   |   D. Neither 1 nor 2"
884,KEEP,"Which of the following statements regarding earthquakes is/are correct? 1. The point on the Earth's surface directly above the focus is called the epicentre of the earthquake. 2. Earthquakes generate Primary and Secondary waves that radiate outward from the earthquake focus. 3. Deep-focus earthquakes are likely to cause more damage than shallow-focus earthquakes. Select the answer using the code given below:","A. 1 only   |   B. 1 and 2 only   |   C. 2 and 3 only   |   D. 1, 2 and 3"
885,KEEP,"Which of the following statements regarding air temperature is/are correct? 1. Air temperature is measured at a standard height of 1.2 m (4.0 feet) above the ground surface. 2. The average rate of temperature decrease with height is termed as the environmental temperature lapse rate. Select the answer using the code given below:","A. 1 only   |   B. 2 only   |   C. Both 1 and 2   |   D. Neither 1 nor 2"
886,KEEP,"Which of the following statements regarding humidity is/are correct? 1. It is a ratio between the actual amount of water vapour present in the atmosphere and the maximum amount it can hold at a given temperature. 2. When the relative humidity is high, more water evaporates from the skin. 3. Higher the air temperature lower the relative humidity of the air. Select the answer using the code given below:","A. 1 only   |   B. 2 and 3 only   |   C. 1 and 3 only   |   D. 1, 2 and 3"
887,KEEP,"Which of the following statements regarding cyclones and anti-cyclones is/are correct? 1. In the Northern Hemisphere, cyclones rotate counter clockwise and anticyclones rotate clockwise. 2. Cyclones are often associated with cloudy or rainy weather, whereas anticyclones are often associated with fair weather. 3. In the Southern Hemisphere, the cyclonic spiral will be clockwise because the Coriolis force acts to the left. Select the answer using the code given below:","A. 1 only   |   B. 1 and 2 only   |   C. 2 and 3 only   |   D. 1, 2 and 3"
888,KEEP,"Identify the sea-port in India on the basis of the given characteristics: 1. It is more than a century old port on the west coast of India. 2. It is a natural harbour protected by a breakwater and also by a mole. 3. A deep draft channel of about 14 metres depth permits large vessels to enter the harbour. Select the correct sea-port from the options given below:","A. Mormugao Port   |   B. Deendayal Port   |   C. Cochin Port   |   D. Jawaharlal Nehru Port"
889,KEEP,"Identify the Iron and Steel Plant on the basis of the given characteristics: 1. It receives coal from Jharia and iron-ore from Sundargarh and Kendujhar. 2. Power for the electric furnaces is procured from Hirakund. 3. Water is obtained from Koel and Sankh rivers. Select the correct Iron and Steel Plant from the options given below:","A. Bhilai Steel Plant   |   B. Durgapur Steel Plant   |   C. Rourkela Steel Plant   |   D. Bokaro Steel Plant"
890,KEEP,"Which of the following statements regarding Earth's internal structure is/are correct? 1. The oceanic crust is heavier than the continental crust. 2. Most of the Earth's internal heat is contained within the mantle. 3. Large convective cells in the crust circulate heat and drive plate-tectonic processes. Select the answer using the code given below:","A. 3 only   |   B. 1 and 2 only   |   C. 2 and 3 only   |   D. 1, 2 and 3"
891,KEEP,"Which of the following statements regarding the given rivers is/are correct? 1. Tsangpo crosses over into India under the name of Dihang. 2. Godavari has the second largest river basin covering about 10 percent of the area of India. 3. Rivers Chambal and Betwa are the important tributaries of river Ganga which join river Ganga directly in Uttar Pradesh. Select the answer using the code given below:","A. 1 only   |   B. 1 and 2 only   |   C. 2 and 3 only   |   D. 1, 2 and 3"
892,KEEP,"Which of the following statements regarding the World Climate Types and their relation with Inter Tropical Convergence Zone (ITCZ) is/are correct? 1. Tropical Wet Climate is one of the world's rainiest due to the dominance of the ITCZ over it. 2. Tropical Savanna Climate experiences a distinctive alternation of wet and dry seasons, caused chiefly by the seasonal shift in latitude of the subtropical highs and ITCZ. 3. The Tropical Monsoonal Climate experiences heavy rainfall as a consequence of the nearness of the ITCZ for much of the year. Select the answer using the code given below:","A. 1 only   |   B. 1 and 2 only   |   C. 2 and 3 only   |   D. 1, 2 and 3"
893,KEEP,"Which of the following statements regarding tropical cyclones is/are correct? 1. These storms develop during the summer and autumn in every tropical ocean except the South Atlantic and eastern South Pacific Oceans. 2. Tropical cyclones that occur in the North Atlantic and eastern North Pacific Oceans are known as typhoons. 3. Tropical cyclones that occur in the Indian and South Pacific Oceans are called cyclones. Select the answer using the code given below:","A. 3 only   |   B. 1 and 2 only   |   C. 1 and 3 only   |   D. 1, 2 and 3"
894,KEEP,"Identify the land biome on the basis of the given characteristics: 1. Their climates are characterised by high rainfall and temperatures that vary from cold to mild. 2. These forests contain primarily deciduous trees - including maple, oak, hickory and beechwood. 3. Raccoons, opossums, bats and squirrels are found in the trees. Select the correct land biome from the options given below:","A. Tropical forest   |   B. Temperate forest   |   C. Boreal forest   |   D. Mediterranean forest"
895,KEEP,"Leaves of most plants appear green because the chlorophyll present in it:","A. absorbs red and blue light while reflecting green light.   |   B. absorbs green light only.   |   C. absorbs green light while reflecting red and blue light.   |   D. reflects red light and absorbs blue and green light."
896,KEEP,"In most prokaryotes, the chromosome number is:","A. 4   |   B. 3   |   C. 2   |   D. 1"
897,KEEP,"Bacterial DNA is referred to as naked because it is not associated with:","A. any scaffold   |   B. proteins   |   C. ribozymes   |   D. plasmid"
898,KEEP,"Which one among the following cells produces antibodies against a foreign antigen?","A. Lymphocytes   |   B. Erythrocytes   |   C. Eosinophils   |   D. Platelets"
899,KEEP,"If the block P as shown in the figure below were to be at rest, what should the magnitude of force F be?","A. 5 N   |   B. 6 N   |   C. 8 N   |   D. 10 N"
900,KEEP,"Of the following, which does not belong to a nuclear reactor?","A. A turbine   |   B. A heat exchanger   |   C. A mechanism to reduce CO2 emission   |   D. A reaction chamber"
901,KEEP,"Consider the following electric circuit: [Circuit diagram shows 5 ohm in series with a parallel combination of 10 ohm, 0 ohm, and 10 ohm, followed by another 5 ohm resistor. Total voltage = 10V]. The current in the above electric circuit is:","A. 1 A   |   B. (10/15) A   |   C. 2 A   |   D. 1.5 A"
902,KEEP,"A microscope may be a combination of:","A. two convex lenses   |   B. a convex and a concave lens   |   C. two concave lenses   |   D. a convex lens and a convex mirror"
903,KEEP,"For a human eye, where u is the distance of an object from the eye, f is the focal length of the lens and v is the distance of image from the eye, which is the correct schematic graph?","A. Graph A   |   B. Graph B   |   C. Graph C   |   D. Graph D"
904,KEEP,"Which of the following statements with regard to the phenomenon of the primary rainbow formation by water droplets is/are correct?","A. 1 only   |   B. 1 and 3   |   C. 3 and 4   |   D. 2 and 3"
905,KEEP,"Which one of the following scientists mentioned that an electron in an atom could revolve in certain stable orbits without the emission of radiant energy?","A. Ernest Rutherford   |   B. J.J. Thomson   |   C. Niels Bohr   |   D. Albert Einstein"
906,KEEP,"A block of mass 2 kg, moving with the initial speed of 3 m/s comes to rest on a rough horizontal surface after travelling a distance of 3 m. The magnitude of the frictional force is:","A. 9 N   |   B. 3 N   |   C. 18 N   |   D. 1 N"
907,KEEP,"Which one of the following is primarily responsible for conduction of current in a metal?","A. Bound electrons   |   B. Free electrons   |   C. Both bound and free electrons   |   D. Ions"
908,KEEP,"Which of the following were features of the postal system of India as described by Ibn Battuta?","A. 1, 2 and 4   |   B. 1 and 2 only   |   C. 2 and 3 only   |   D. 1, 3 and 4"
909,KEEP,"Which one of the following texts is a commentary written by Chakrapanidatta (11 Century CE from Bengal) on the Sushrut Samhita?","A. Sabdachandrika   |   B. Bhanumati   |   C. Nitiratnakara   |   D. Lohasarvasava"
910,KEEP,"Consider the following statements about the arrival of tobacco in India:","A. 1 only   |   B. 2 only   |   C. Both 1 and 2   |   D. Neither 1 nor 2"
911,KEEP,"Consider the following Women's Associations and their important associates in early twentieth century India:","A. 1, 2 and 3   |   B. 2 and 3 only   |   C. 1 and 2 only   |   D. 1 only"
912,KEEP,"Consider the following statements about the issue of separate electorate during the early decades of the twentieth century in India as a means to secure adequate representation for the deprived social categories in the absence of universal adult franchise:","A. 1 and 2 only   |   B. 2 and 3 only   |   C. 1 and 3 only   |   D. 1, 2 and 3"
913,KEEP,"Which of the following statements with regard to the famous 'silk routes' are correct?","A. 1, 2 and 3   |   B. 1, 3 and 4   |   C. 2, 3 and 4   |   D. 1, 2 and 4"
914,KEEP,"Consider the following statements about Ajanta paintings:","A. 1 only   |   B. 2 only   |   C. Both 1 and 2   |   D. Neither 1 nor 2"
